category,category_id,category_position,tool_id,title,description,tags,download,github,website,icon,tool_position,created_at,updated_at
内存取证,1,0,1,Lovelymem Luxe,一款基于 MemProcFS、Volatility2、Volatility3 的快捷内存取证工具。,内存取证 | volatility | 付费软件,,,https://auth.mzy0.com/login,https://bu.dusays.com/2025/09/18/68cae8c7019b1.png,0,2025-09-18T00:59:34.458138+08:00,2026-05-24T17:55:57.074336+08:00
内存取证,1,0,37,Volatility2,Volatility 2.6 是 Volatility 2.x 系列的最后一个主要版本，于 2016 年由 Volatility Foundation 发布，是一款开源的内存取证框架，广泛用于数字取证、应急响应和恶意软件分析。,内存取证,https://github.com/volatilityfoundation/volatility/releases/tag/2.6.1,https://github.com/volatilityfoundation/volatility,https://volatilityfoundation.org/,https://didctf-file.s3.bitiful.net/didctf-tools-ico/volatility2.6.png?no-wait=on,0,2025-10-16T22:46:04.758218+08:00,2025-10-16T22:46:04.758218+08:00
内存取证,1,0,65,DumpIt,小巧便携的Windows内存转储工具，一步生成物理内存镜像，支持32/64位系统，适合现场快速取证部署,内存取证 | 内存转储 | 现场取证,,,https://www.magnetforensics.com/resources/magnet-dumpit-for-windows/,https://didctf-file.s3.bitiful.net/didctf-tools-ico/DumpIt.png?no-wait=on,0,2026-05-24T17:50:15.166808+08:00,2026-05-24T17:50:15.166808+08:00
内存取证,1,0,66,MAGNET RAM Capture,MAGNET公司出品的免费内存镜像工具，仅300KB+，支持镜像分段存储，操作极简，适合快速响应,内存取证 | 内存镜像 | 分段存储,,,https://www.magnetforensics.com/resources/magnet-ram-capture/,https://didctf-file.s3.bitiful.net/didctf-tools-ico/MAGNET%20RAM%20Capture.png?no-wait=on,0,2026-05-24T17:50:15.167701+08:00,2026-05-24T17:50:15.167701+08:00
内存取证,1,0,67,Volatility3,Volatility基金会发布的最新版开源内存取证框架，完全用Python3重写，支持Windows/Linux/macOS/Android多平台内存分析,内存取证 | volatility | Python3,,https://github.com/volatilityfoundation/volatility3,https://volatilityfoundation.org/,https://didctf-file.s3.bitiful.net/didctf-tools-ico/volatility2.6.png?no-wait=on,0,2026-05-24T17:50:15.168416+08:00,2026-05-24T17:50:15.168416+08:00
内存取证,1,0,86,LiME,Linux内核可加载模块，用于获取Linux和Android设备的完整物理内存转储，支持多种输出格式,Linux | 内存转储 | Android | 内核模块,,https://github.com/504ensicsLabs/LiME,,https://didctf-file.s3.bitiful.net/didctf-tools-ico/LiME.png?no-wait=on,0,2026-05-24T18:48:35.292955+08:00,2026-05-24T18:48:35.292955+08:00
内存取证,1,0,87,MemProcFS,将物理内存转储以虚拟文件系统形式挂载的创新工具，可直接通过文件浏览器访问进程、注册表和网络连接等数据,内存取证 | 虚拟文件系统 | 进程分析 | Windows,,https://github.com/ufrisk/MemProcFS,,https://didctf-file.s3.bitiful.net/didctf-tools-ico/MemProcFS.png?no-wait=on,0,2026-05-24T18:48:35.29417+08:00,2026-05-24T18:48:35.29417+08:00
内存取证,1,0,88,AVML,微软开发的Linux内存采集工具，专为Azure虚拟机和云环境的实时内存获取设计，支持压缩输出,Linux | 云取证 | Azure | 内存采集,,https://github.com/microsoft/avml,,https://didctf-file.s3.bitiful.net/didctf-tools-ico/AVML.png?no-wait=on,0,2026-05-24T18:48:35.294969+08:00,2026-05-24T18:48:35.294969+08:00
内存取证,1,0,116,VolWeb,基于Web的Volatility3协作分析平台，2024-2025活跃开发，支持多人在线协作进行内存取证分析,内存取证 | Web平台 | Volatility3 | 协作 | 2024,,https://github.com/k1nd0ne/VolWeb,,https://didctf-file.s3.bitiful.net/didctf-tools-ico/VolWeb.png?no-wait=on,0,2026-05-24T19:09:24.06908+08:00,2026-05-24T19:09:24.06908+08:00
服务器取证,2,0,2,PanelForensics,Linux面板取证一把梭,服务器取证 | 宝塔面板 | 小皮面板 | 1Panel | 耗子面板,https://github.com/WXjzcccc/PanelForensics/releases,https://github.com/WXjzcccc/PanelForensics,,https://bu.dusays.com/2025/09/18/68cae9c6bb363.jpg,0,2025-09-18T01:04:11.213174+08:00,2025-09-18T01:08:06.744889+08:00
解析工具,3,0,35,ForensicsTool,支持密钥计算、数据库解密、数据提取、注册表分析、暴力破解、时间戳转换,解析工具,https://github.com/WXjzcccc/ForensicsTool/releases,https://github.com/WXjzcccc/ForensicsTool,,https://bu.dusays.com/2025/09/18/68cae9c6bb363.jpg,0,2025-09-18T01:11:35.444724+08:00,2025-09-18T01:11:35.444724+08:00
解析工具,3,0,41,FinallShell 密码解密GUI工具,FinallShell 密码解密GUI工具,Finalshell | SSH | 解析工具,https://github.com/passer-W/FinalShell-Decoder/releases/tag/V1.0,https://github.com/passer-W/FinalShell-Decoder,,https://didctf-file.s3.bitiful.net/didctf-tools-ico/finalshell_icon.png?no-wait=on,0,2026-05-17T00:04:33.011852+08:00,2026-05-17T00:48:16.11064+08:00
解析工具,3,0,49,RevokeMsgPatcher,huiyadanli制作的微信/QQ/TIM防撤回补丁工具，36K+ Star,微信防撤回 | QQ防撤回 | 多开,https://github.com/huiyadanli/RevokeMsgPatcher/releases,https://github.com/huiyadanli/RevokeMsgPatcher,,https://didctf-file.s3.bitiful.net/didctf-tools-ico/github-svgrepo-com.svg,0,2026-05-24T17:17:20.055202+08:00,2026-05-24T17:17:20.055202+08:00
解析工具,3,0,50,HackBrowserData,全平台浏览器数据导出解密工具，支持Chrome/Firefox/Edge/360/QQ等,浏览器取证 | 密码提取 | Cookie,https://github.com/moonD4rk/HackBrowserData/releases,https://github.com/moonD4rk/HackBrowserData,,https://didctf-file.s3.bitiful.net/didctf-tools-ico/github-svgrepo-com.svg,0,2026-05-24T17:17:20.05631+08:00,2026-05-24T17:17:20.05631+08:00
解析工具,3,0,51,BrowserGhost,奇安信A-TEAM出品的浏览器密码抓取工具，.NET 2编写无依赖,浏览器取证 | 密码提取 | 内网横向,https://github.com/QAX-A-Team/BrowserGhost,https://github.com/QAX-A-Team/BrowserGhost,,https://didctf-file.s3.bitiful.net/didctf-tools-ico/github-svgrepo-com.svg,0,2026-05-24T17:17:20.057108+08:00,2026-05-24T17:17:20.057108+08:00
解析工具,3,0,52,MobaXterm密码解密,HyperSine出品的MobaXterm保存密码解密工具,密码解密 | MobaXterm | SSH,https://github.com/HyperSine/how-does-MobaXterm-encrypt-password,https://github.com/HyperSine/how-does-MobaXterm-encrypt-password,,https://didctf-file.s3.bitiful.net/didctf-tools-ico/github-svgrepo-com.svg,0,2026-05-24T17:17:20.057788+08:00,2026-05-24T17:17:20.057788+08:00
解析工具,3,0,53,FatSmallTools,tianhe1986写的Navicat数据库连接密码解密PHP脚本,Navicat | 密码解密 | 数据库取证,https://github.com/tianhe1986/FatSmallTools,https://github.com/tianhe1986/FatSmallTools,,https://didctf-file.s3.bitiful.net/didctf-tools-ico/github-svgrepo-com.svg,0,2026-05-24T17:17:20.058455+08:00,2026-05-24T17:17:20.058455+08:00
解析工具,3,0,54,navicat_password_decrypt,Zhuoyuan1用Python写的Navicat密码解密工具，便于集成到自动化脚本,Navicat | 密码解密 | Python,https://github.com/Zhuoyuan1/navicat_password_decrypt,https://github.com/Zhuoyuan1/navicat_password_decrypt,,https://didctf-file.s3.bitiful.net/didctf-tools-ico/github-svgrepo-com.svg,0,2026-05-24T17:17:20.059085+08:00,2026-05-24T17:17:20.059085+08:00
apk分析,37,0,36,apk_analyzer,APK分析工具,apk解析,https://github.com/WXjzcccc/apk_analyzer/releases,https://github.com/WXjzcccc/apk_analyzer,,https://bu.dusays.com/2025/09/18/68cae9c6bb363.jpg,0,2025-09-18T01:22:42.595172+08:00,2025-09-18T01:22:42.595172+08:00
威胁情报平台,38,0,38,奇安信威胁情报中心,奇安信威胁情报中心,,,,https://ti.qianxin.com/,"data:image/png;base64,iVBORw0KGgoAAAANSUhEUgAAACAAAAAgCAYAAABzenr0AAADv0lEQVR4AcWXA5AsQQyGn23btm3btm3btnW2bdu2bdvI60zVrXdvbk5b9S8ayTfd6aS3CfXaa9GU6AiRA1EGUVY9CW07E50gasbpXJ4IGlhqCIEAJ4mgkXQZAbzoTzCHsx8vga3xRLj46XxdAAQjQKmwASvvv4W34rtBTmU56OnMAW/rYQBBTShJKa2C1geMagtQ2URY59SrfyDPpw06E6pA20E4rnYQvEu88fFzsCFLXBmITqpXiX8LePjrCDTfZ1p7gA+SO9AoI1kYToGex9VrB/BeYidjAFSsc0+Ycf0nc4ApV/7UCgBV5NcSjr29wQyg0xFdqKD2vvb6I7+e3inhbTAzmFpb5yytuPcO2h/SrxnApCv/oNC3Va2d53q3habkVEU59YYhZxToA6AcTMfVGsDHeih0PqJDfR9MAC59Pk9OiQY9AEO9mbUG0CWZc/wlCSqfYCxg0srxbgd/FdbBzOs/RANgCnazGAna2nOpCfKqyyHEvr9ARwmu3eHez6PwVWYLV/tvuQ2w9O4HyPTsQNlMde/E6sP2Gdd+QaRjHxYALS27+x6S3bpwOTr1/gqMuSAFz/4e4GrHYG5z0BBGkz50yNk37JwcHH93Hb/XDAC16PYnvjSNDsgq8a2OL4kDS6PJmK652vueVMGqygwA5WQ2lsvg8HOymIr5AMoDm0KxH7dzVLejWnD5yznmAPd/HeUziDHD2aatPQ/6kSedcFmMD6DjYV24/u0UcwDcBpxcQZ4w1KEfZVBSaTXXUmMM3PlxHKZd/c0HgKfi9o8TzAHQACYrzPt41DCiF97+DIluXbkc4aVl9o3vfAD9TqnA2oevINKpNzMAlBGNXCEMAOsE6/7AFODAqzt8qRdzAmebjPJKmHX9h+DS7dIDrIwmMQdodcCYqv9oTJo4akvOPGfAYTrf/OQZ9D6hhndKPgBvq2GYrJgDoHY9f0AZ87MZAhKKa2DIWXmWA1fz0VSgof6SJed0funzObz+1WoLWBInjqscdjysR6tO/JTdRKX5dqRUI0B5bQBa7jeGNI9OkEROAP7O8mov1HEc2XfO312OalMAwXSd4aXz9vcT8I8UKBX1xWCgOwvzABrD9IzlFxOSyCfn/N3/lHIMAtyhe/aD7QcINb7j2SNqzFASBx6WIwSOOfPhMsQ492L93vPi3lMEaEVkXR3A8nvvRO5rgO0grBEoLMECx2Dl/C6zGag6EdDUydd6SNuqf8itiZ4TJQsBwCes1QUF42TUBWlyXA1SD7+++drdYkQ7dP0fTqp9QO0xpvwAAAAASUVORK5CYII=",0,2026-01-02T14:35:07.194705+08:00,2026-01-02T14:35:30.317251+08:00
威胁情报平台,38,0,39,微步在线X情报社区,微步在线X情报社区,,,,https://x.threatbook.com/,https://x.threatbook.com/public/asset/img/favicon.ico?t=1,0,2026-01-02T14:36:34.629053+08:00,2026-01-02T14:36:34.629053+08:00
威胁情报平台,38,0,40,腾讯安全 威胁情报中心,腾讯安全 威胁情报中心,,,,https://tix.qq.com/,https://tix.qq.com/favicon.ico,0,2026-01-02T14:37:27.945746+08:00,2026-01-02T14:37:27.945746+08:00
在线沙箱,39,0,42,国家计算机病毒协同分析平台,基于技术先进的反病毒引擎和恶意代码分析引擎，提供数字文件安全性检测及分析能力，并输出详细的分析结果,沙箱,,,https://virus.cverc.org.cn,https://virus.cverc.org.cn/img/logo/tianjin.png,0,2026-05-24T10:16:57.916675+08:00,2026-05-24T10:16:57.916675+08:00
在线沙箱,39,0,43,微步在线云沙箱,微步云沙箱S 一站式在线文件威胁分析平台高效检测20种大类威胁、1000+木马家族、1000+APT组织综合判定准确率高达99.99% 强大的未知威胁发现能力.,沙箱,,,https://s.threatbook.com/,https://s.threatbook.com/favicon.ico,0,2026-05-24T10:21:21.589977+08:00,2026-05-24T10:21:21.589977+08:00
在线沙箱,39,0,44,奇安信情报沙箱,,沙箱,,,https://sandbox.ti.qianxin.com/sandbox/page,https://sandbox.ti.qianxin.com/static/assets/360.ico,0,2026-05-24T10:22:39.857088+08:00,2026-05-24T10:22:39.857088+08:00
在线沙箱,39,0,152,360沙箱云,360安全出品的在线恶意文件分析沙箱，支持PE/APK/文档等多格式动态行为分析,沙箱 | 360 | 动态分析 | 恶意文件 | 国产,,,https://ata.360.net/,https://didctf-file.s3.bitiful.net/didctf-tools-ico/360沙箱云.png?no-wait=on,0,2026-05-24T19:46:39.720068+08:00,2026-05-24T19:46:39.720068+08:00
在线沙箱,39,0,153,魔盾安全分析,魔盾安全出品的在线恶意软件分析平台，支持静态+动态分析，提供详细行为报告,沙箱 | 恶意软件 | 静态分析 | 动态分析 | 国产,,,https://www.maldun.com/,https://didctf-file.s3.bitiful.net/didctf-tools-ico/魔盾安全分析.png?no-wait=on,0,2026-05-24T19:46:39.721516+08:00,2026-05-24T19:46:39.721516+08:00
网络取证,40,0,45,CTF-NetA,专为CTF比赛设计的网络流量分析工具，带GUI界面，支持20+种协议自动分析,流量分析 | CTF | PCAP | USB还原,https://github.com/Arinue/CTF-NetA/releases,https://github.com/Arinue/CTF-NetA,,https://didctf-file.s3.bitiful.net/didctf-tools-ico/github-svgrepo-com.svg,0,2026-05-24T17:17:20.050805+08:00,2026-05-24T17:17:20.050805+08:00
网络取证,40,0,63,NetworkMiner,开源网络流量取证工具，可从PCAP文件中提取文件、图片、邮件、密码等各类数字证据，支持实时嗅探和离线分析,网络取证 | PCAP | 流量分析 | 文件提取,,,https://www.netresec.com/?page=NetworkMiner,https://didctf-file.s3.bitiful.net/didctf-tools-ico/NetworkMiner_logo_313x313.png?no-wait=on,0,2026-05-24T17:50:15.164189+08:00,2026-05-24T17:50:15.164189+08:00
网络取证,40,0,139,Arkime,原Moloch，大规模全流量抓包索引与搜索系统，支持PB级PCAP存储和快速检索，2024活跃,全流量 | PCAP | 大规模 | 索引搜索 | Moloch,,https://github.com/arkime/arkime,https://arkime.com/,https://didctf-file.s3.bitiful.net/didctf-tools-ico/Arkime.png?no-wait=on,0,2026-05-24T19:09:24.090817+08:00,2026-05-24T19:09:24.090817+08:00
手机取证,41,0,46,WeChat-Dump-Auto,Laster-dev出品的微信全自动取证工具，一键自动查找数据库密钥导出聊天记录,微信取证 | 数据库解密 | key提取,https://github.com/Laster-dev/WeChat-Dump-Auto/releases,https://github.com/Laster-dev/WeChat-Dump-Auto,,https://didctf-file.s3.bitiful.net/didctf-tools-ico/github-svgrepo-com.svg,0,2026-05-24T17:17:20.052679+08:00,2026-05-24T17:17:20.052679+08:00
手机取证,41,0,47,PyWxDump,xaoyaoo开发的微信数据库解密与聊天记录导出工具，支持PC端微信全版本,微信取证 | 数据库解密 | 聊天记录导出,https://github.com/xaoyaoo/PyWxDump/releases,https://github.com/xaoyaoo/PyWxDump,,https://didctf-file.s3.bitiful.net/didctf-tools-ico/github-svgrepo-com.svg,0,2026-05-24T17:17:20.053499+08:00,2026-05-24T17:17:20.053499+08:00
手机取证,41,0,48,wechatDataBackup,基于Wails+React开发的PC微信聊天记录一键备份工具，界面与微信高度相似,微信取证 | 聊天备份 | 数据导出,https://github.com/git-jiadong/wechatDataBackup/releases,https://github.com/git-jiadong/wechatDataBackup,,https://didctf-file.s3.bitiful.net/didctf-tools-ico/github-svgrepo-com.svg,0,2026-05-24T17:17:20.054345+08:00,2026-05-24T17:17:20.054345+08:00
手机取证,41,0,55,wechat-backup,greycodee用Go写的Android微信聊天记录备份工具，需Root手机,微信取证 | Android | 数据库解密,https://github.com/greycodee/wechat-backup,https://github.com/greycodee/wechat-backup,,https://didctf-file.s3.bitiful.net/didctf-tools-ico/github-svgrepo-com.svg,0,2026-05-24T17:17:20.059696+08:00,2026-05-24T17:17:20.059696+08:00
手机取证,41,0,56,wechat-decrypt,ylytdeng出品的微信数据库一键解密工具，自带MCP服务可喂给AI分析,微信取证 | 数据库解密 | MCP,https://github.com/ylytdeng/wechat-decrypt,https://github.com/ylytdeng/wechat-decrypt,,https://didctf-file.s3.bitiful.net/didctf-tools-ico/github-svgrepo-com.svg,0,2026-05-24T17:17:20.060314+08:00,2026-05-24T17:17:20.060314+08:00
手机取证,41,0,57,wechat_backup-Python,wwxiaoqi写的微信聊天记录Python备份工具，通过模拟操作PC微信客户端自动化,微信取证 | 聊天备份 | Python,https://github.com/wwxiaoqi/wechat_backup,https://github.com/wwxiaoqi/wechat_backup,,https://didctf-file.s3.bitiful.net/didctf-tools-ico/github-svgrepo-com.svg,0,2026-05-24T17:17:20.06094+08:00,2026-05-24T17:17:20.06094+08:00
手机取证,41,0,59,wechat-dump,Android微信聊天记录导出工具，需Root权限+ADB连接，以HTML格式呈现完整聊天记录,微信取证 | Android | HTML导出,https://github.com/ppwwyyxx/wechat-dump,https://github.com/ppwwyyxx/wechat-dump,,https://didctf-file.s3.bitiful.net/didctf-tools-ico/github-svgrepo-com.svg,0,2026-05-24T17:17:20.062975+08:00,2026-05-24T17:17:20.062975+08:00
手机取证,41,0,60,Chrome-Forensic-CVE-2024-0044,基于CVE-2024-0044漏洞实现的Android Chrome浏览器取证工具，无需Root,浏览器取证 | Android | 漏洞利用,,https://github.com/JackTekno/Chrome-Forensic_CVE-2024-0044,,https://didctf-file.s3.bitiful.net/didctf-tools-ico/github-svgrepo-com.svg,0,2026-05-24T17:17:20.063633+08:00,2026-05-24T17:17:20.063633+08:00
手机取证,41,0,167,ForensiFlow,ForensiFlow 是一个基于视觉语言模型（Vision-Language Model）的智能移动端应用自动化取证框架。该项目集成了计算机视觉、自然语言处理和移动设备自动化控制，目标是形成“案件规划 → 任务执行 → 经验复用 / 新任务探索 → 脚本沉淀”的闭环。,智能移动端取证,,https://github.com/ForensIntell/ForensiFlow,,https://didctf-file.s3.bitiful.net/didctf-tools-ico/github-svgrepo-com.svg,0,2026-06-10T21:53:18.307553+08:00,2026-06-10T21:53:39.877315+08:00
加解密工具,42,0,58,EnMicroMsg.db-Password-Cracker,chg-hou出品的Android微信数据库密码破解工具，支持CPU/GPU暴力破解,微信取证 | 密码破解 | SQLCipher,https://github.com/chg-hou/EnMicroMsg.db-Password-Cracker,https://github.com/chg-hou/EnMicroMsg.db-Password-Cracker,,https://didctf-file.s3.bitiful.net/didctf-tools-ico/github-svgrepo-com.svg,0,2026-05-24T17:17:20.062231+08:00,2026-05-24T17:17:20.062231+08:00
综合取证平台,43,0,61,Autopsy,基于Sleuth Kit构建的开源数字取证平台，提供图形化界面，支持文件系统分析、数据恢复、关键词搜索、时间线生成，广泛用于执法和企业调查,数字取证 | 磁盘分析 | 数据恢复,,https://github.com/sleuthkit/autopsy,https://www.autopsy.com/,https://didctf-file.s3.bitiful.net/didctf-tools-ico/autopsy-touch-icon.webp?no-wait=on,0,2026-05-24T17:50:15.161464+08:00,2026-05-24T17:50:15.161464+08:00
数据提取,44,0,62,bulk_extractor,高速数字取证扫描工具，不依赖文件系统结构即可从磁盘镜像、文件、目录中提取电子邮件地址、信用卡号、URL、GPS坐标等结构化信息,数据提取 | 磁盘扫描 | 特征提取,,https://github.com/simsong/bulk_extractor,,https://didctf-file.s3.bitiful.net/didctf-tools-ico/github-svgrepo-com.svg,0,2026-05-24T17:50:15.163208+08:00,2026-05-24T17:50:15.163208+08:00
镜像工具,45,0,64,FTK Imager,AccessData出品的免费取证镜像工具，支持创建E01/DD等多种格式的磁盘镜像和内存镜像，可挂载镜像、预览文件、计算哈希,磁盘镜像 | 内存镜像 | E01 | 哈希校验,,,https://www.exterro.com/ftk-imager,https://didctf-file.s3.bitiful.net/didctf-tools-ico/FTK%20ImagerChs_icon.png?no-wait=on,0,2026-05-24T17:50:15.165744+08:00,2026-05-24T17:50:15.165744+08:00
镜像工具,45,0,80,Arsenal Image Mounter,"Arsenal Recon开发的专业磁盘镜像挂载工具，通过虚拟SCSI适配器将E01/VHD/RAW等镜像挂载为Windows""真实""物理磁盘，支持BitLocker解密和卷影副本",镜像挂载 | 磁盘取证 | 卷影副本 | BitLocker,,https://github.com/ArsenalRecon/Arsenal-Image-Mounter,https://arsenalrecon.com/downloads,https://didctf-file.s3.bitiful.net/didctf-tools-ico/aim-icon.png?no-wait=on,0,2026-05-24T17:50:15.185599+08:00,2026-05-24T17:50:15.185599+08:00
数据处理,46,0,68,CyberChef,"GCHQ开发的浏览器端""瑞士军刀""，支持400+种操作：编码解码、加密解密、哈希、压缩、格式转换等，数据分析必备",编码解码 | 加密解密 | 数据处理 | Web工具,,https://github.com/gchq/CyberChef,https://gchq.github.io/CyberChef/,https://didctf-file.s3.bitiful.net/didctf-tools-ico/CYBERCHEF.ico?no-wait=on,0,2026-05-24T17:50:15.169989+08:00,2026-05-24T17:50:15.169989+08:00
固件分析,47,0,69,Binwalk,固件分析利器，搜索二进制镜像中的嵌入文件和代码，支持50+种文件系统和压缩算法自动提取，逆向工程必备,固件分析 | 文件提取 | 逆向工程 | 嵌入式,,https://github.com/ReFirmLabs/binwalk,,https://didctf-file.s3.bitiful.net/didctf-tools-ico/Binwalk.png?no-wait=on,0,2026-05-24T17:50:15.171365+08:00,2026-05-24T17:50:15.171365+08:00
数据恢复,48,0,70,TestDisk & PhotoRec,经典开源数据恢复组合：TestDisk恢复丢失分区/修复文件系统；PhotoRec恢复已删除文件，支持480+文件格式,数据恢复 | 分区修复 | 文件恢复,,https://github.com/cgsecurity/testdisk,https://www.cgsecurity.org/,https://didctf-file.s3.bitiful.net/didctf-tools-ico/50px-Testdisklogo_clear_100.png?no-wait=on,0,2026-05-24T17:50:15.172716+08:00,2026-05-24T17:50:15.172716+08:00
数据恢复,48,0,92,Foremost,基于文件头部、尾部和内部数据结构的数据恢复与文件雕刻工具，最初由美国空军特别调查办公室开发,文件雕刻 | 数据恢复 | 磁盘取证 | 命令行,,https://github.com/korczis/foremost,http://foremost.sourceforge.net/,https://didctf-file.s3.bitiful.net/didctf-tools-ico/Foremost.png?no-wait=on,0,2026-05-24T18:48:35.299738+08:00,2026-05-24T18:48:35.299738+08:00
数据恢复,48,0,93,Scalpel,高性能文件雕刻工具，基于Foremost改进，支持多线程和异步I/O，可从磁盘镜像中恢复已删除文件,文件雕刻 | 多线程 | 数据恢复 | 高性能,,https://github.com/sleuthkit/scalpel,,https://didctf-file.s3.bitiful.net/didctf-tools-ico/Scalpel.png?no-wait=on,0,2026-05-24T18:48:35.300363+08:00,2026-05-24T18:48:35.300363+08:00
元数据分析,49,0,71,ExifTool,最强大的元数据读写工具，支持数百种文件格式的EXIF/IPTC/XMP等元信息提取、编辑与批量处理,元数据 | EXIF | 文件分析 | 批量处理,,https://github.com/exiftool/exiftool,https://exiftool.org/,https://didctf-file.s3.bitiful.net/didctf-tools-ico/ExifTool_logo.svg?no-wait=on,0,2026-05-24T17:50:15.174023+08:00,2026-05-24T17:50:15.174023+08:00
图像取证,50,0,72,Sherloq,Guido Bartoli开发的开源数字图像取证工具集，集成多种分析算法，可检测图像篡改、伪造，提取元数据和文件头信息,图像取证 | 篡改检测 | 元数据 | ELA分析,,https://github.com/GuidoBartoli/sherloq,,https://didctf-file.s3.bitiful.net/didctf-tools-ico/sherloq.png?no-wait=on,0,2026-05-24T17:50:15.175908+08:00,2026-05-24T17:50:15.175908+08:00
恶意软件分析,51,0,73,YARA,VirusTotal出品的恶意软件模式匹配引擎，通过编写文本/二进制规则识别和分类恶意软件家族，威胁情报核心工具,恶意软件检测 | 规则匹配 | 模式识别 | 威胁情报,,https://github.com/VirusTotal/yara,https://virustotal.github.io/yara/,https://didctf-file.s3.bitiful.net/didctf-tools-ico/github-svgrepo-com.svg,0,2026-05-24T17:50:15.177347+08:00,2026-05-24T17:50:15.177347+08:00
恶意软件分析,51,0,79,capa,Mandiant(Google)开发的程序能力自动识别工具，通过分析可执行文件识别其具备的恶意能力（通信/持久化/数据窃取等）,恶意软件分析 | 能力检测 | 逆向工程 | FLARE,,https://github.com/mandiant/capa,,https://didctf-file.s3.bitiful.net/didctf-tools-ico/capa.png?no-wait=on,0,2026-05-24T17:50:15.184908+08:00,2026-05-24T17:50:15.184908+08:00
恶意软件分析,51,0,117,CAPEv2,基于Cuckoo重构的开源恶意软件自动化分析沙箱，专注配置提取与Payload解密，2024-2025非常活跃,沙箱 | 恶意软件 | 配置提取 | 自动化 | Python,,https://github.com/kevoreilly/CAPEv2,,https://didctf-file.s3.bitiful.net/didctf-tools-ico/CAPEv2.png?no-wait=on,0,2026-05-24T19:09:24.070502+08:00,2026-05-24T19:09:24.070502+08:00
恶意软件分析,51,0,122,pestudio,免费PE可执行文件静态分析工具，集成VirusTotal检测、导入表分析和可疑指标自动识别，持续更新中,PE分析 | 静态分析 | VirusTotal | 免费 | Windows,,,https://www.winitor.com/,https://didctf-file.s3.bitiful.net/didctf-tools-ico/pestudio.png?no-wait=on,0,2026-05-24T19:09:24.075977+08:00,2026-05-24T19:09:24.075977+08:00
恶意软件分析,51,0,132,Noriben,基于Procmon的Python恶意软件行为分析辅助工具，自动记录和过滤系统行为变化,行为分析 | Procmon | 沙箱辅助 | Python | 自动化,,https://github.com/Rurik/Noriben,,https://didctf-file.s3.bitiful.net/didctf-tools-ico/Noriben.png?no-wait=on,0,2026-05-24T19:09:24.084164+08:00,2026-05-24T19:09:24.084164+08:00
文档取证,52,0,74,oletools,Python工具包，分析Microsoft OLE2/Office文档，提取VBA宏代码，检测恶意宏、DDE攻击、XLM宏，文档取证核心工具,Office取证 | 宏分析 | VBA | 恶意文档,,https://github.com/decalage2/oletools,,https://didctf-file.s3.bitiful.net/didctf-tools-ico/github-svgrepo-com.svg,0,2026-05-24T17:50:15.178655+08:00,2026-05-24T17:50:15.178655+08:00
文档取证,52,0,123,Didier Stevens Suite,PDF/Office恶意文档分析工具集，含pdfid、pdf-parser、oledump等，2024-2025持续更新,PDF分析 | Office | 恶意文档 | oledump | Python,,https://github.com/DidierStevens/DidierStevensSuite,,https://didctf-file.s3.bitiful.net/didctf-tools-ico/Didier_Stevens_Suite.png?no-wait=on,0,2026-05-24T19:09:24.076708+08:00,2026-05-24T19:09:24.076708+08:00
时间线取证,53,0,75,Plaso,超级时间线生成工具，自动从200+数据源（文件系统、注册表、日志等）提取时间戳，构建统一事件序列，事件重建利器,时间线分析 | 日志分析 | 事件重建 | 超级时间线,,https://github.com/log2timeline/plaso,,https://didctf-file.s3.bitiful.net/didctf-tools-ico/Plaso.png?no-wait=on,0,2026-05-24T17:50:15.180009+08:00,2026-05-24T17:50:15.180009+08:00
文件分析,54,0,76,PE-bear,hasherezade开发的跨平台PE文件逆向分析工具，GUI友好，支持反汇编（集成capstone）、签名识别、加壳检测,PE分析 | 逆向工程 | 恶意软件分析 | 加壳检测,,https://github.com/hasherezade/pe-bear,,https://didctf-file.s3.bitiful.net/didctf-tools-ico/pebear_ico.png?no-wait=on,0,2026-05-24T17:50:15.181377+08:00,2026-05-24T17:50:15.181377+08:00
隐写取证,55,0,77,Steghide,经典隐写术工具，可将数据隐藏在JPEG/BMP/WAV/AU等图像音频文件中，嵌入数据对一阶统计测试具有抗性,隐写术 | 数据隐藏 | 图像隐写 | 音频隐写,,https://github.com/StefanoDeVuono/steghide,,https://didctf-file.s3.bitiful.net/didctf-tools-ico/Steghide.png?no-wait=on,0,2026-05-24T17:50:15.182667+08:00,2026-05-24T17:50:15.182667+08:00
取证平台,56,0,78,SIFT Workstation,SANS出品的一站式开源取证工作站（基于Ubuntu的VM），预装200+取证工具，涵盖磁盘/内存/网络/文件分析全流程,取证工作站 | 综合工具集 | 虚拟机 | Ubuntu,,https://github.com/teamdfir/sift,https://www.sans.org/tools/sift-workstation/,https://didctf-file.s3.bitiful.net/didctf-tools-ico/sift.ico?no-wait=on,0,2026-05-24T17:50:15.184213+08:00,2026-05-24T17:50:15.184213+08:00
流量分析,57,0,81,LovelySparK,流量日志分析工具 基础流量分析功能 AI agent 多协议快速分析,安全工具 | 流量分析 | PCAP | 付费工具,https://lovely.mzy0.com/lovelyspark.exe,,https://auth.mzy0.com/,https://bu.dusays.com/2025/09/18/68cae8c7019b1.png,0,2026-05-24T17:57:56.417787+08:00,2026-05-24T17:58:18.317318+08:00
流量分析,57,0,98,Wireshark,全球最流行的开源网络协议分析器，支持实时抓包和离线数据包深度分析，可解析数百种网络协议,网络取证 | 抓包 | 协议分析 | PCAP,https://www.wireshark.org/download.html,,https://www.wireshark.org/,https://didctf-file.s3.bitiful.net/didctf-tools-ico/Wireshark.png?no-wait=on,0,2026-05-24T18:48:35.305137+08:00,2026-05-24T18:48:35.305137+08:00
流量分析,57,0,99,Zeek,强大的开源网络安全监控框架（原名Bro），通过深度协议分析生成丰富的网络活动日志用于安全分析和取证,网络监控 | 协议分析 | 日志生成 | IDS,,https://github.com/zeek/zeek,https://zeek.org/,https://didctf-file.s3.bitiful.net/didctf-tools-ico/Zeek.png?no-wait=on,0,2026-05-24T18:48:35.305818+08:00,2026-05-24T18:48:35.305818+08:00
流量分析,57,0,118,Zui,原Brim，基于Zed数据湖的网络数据分析桌面应用，支持PCAP和Zeek日志的超快速搜索与可视化,流量分析 | PCAP | Zeek | 数据湖 | 桌面应用,,https://github.com/brimdata/zui,,https://didctf-file.s3.bitiful.net/didctf-tools-ico/Zui.png?no-wait=on,0,2026-05-24T19:09:24.071694+08:00,2026-05-24T19:09:24.071694+08:00
流量分析,57,0,119,RITA,基于Zeek日志的C2信标检测工具，v5版本2024年重大重写，自动识别Beacon通信模式,C2检测 | Beacon | Zeek | 威胁狩猎 | v5重写,,https://github.com/activecm/rita,,https://didctf-file.s3.bitiful.net/didctf-tools-ico/RITA.png?no-wait=on,0,2026-05-24T19:09:24.072526+08:00,2026-05-24T19:09:24.072526+08:00
流量分析,57,0,157,科来网络分析系统,科来软件出品的国产网络流量分析工具，支持协议解析、流量回溯和网络取证，有免费技术交流版,流量分析 | 协议解析 | 网络取证 | 国产 | 免费版,,,https://www.colasoft.com.cn/,https://didctf-file.s3.bitiful.net/didctf-tools-ico/科来网络分析系统.png?no-wait=on,0,2026-05-24T19:46:39.72645+08:00,2026-05-24T19:46:39.72645+08:00
综合分析,58,0,82,CT Stack工具集,CT Stack 安全社区致力于守护安全工具成长，秉持探索与共享的理念，收录更多优质工具。规范安全工具标准，与之共生共赢,综合应用,,,https://stack.chaitin.com/tool/index,https://didctf-file.s3.bitiful.net/didctf-tools-ico/ct_crack.ico?no-wait=on,0,2026-05-24T18:00:17.15889+08:00,2026-05-24T18:00:55.268639+08:00
综合分析,58,0,83,棱角社区工具库,"欢迎访问棱角社区...技术是无罪的,快乐就在思考!",红队命令速查 | 虚拟身份生成 | 反弹shell命令,,,https://forum.ywhack.com/bountytips.php,https://didctf-file.s3.bitiful.net/didctf-tools-ico/lengjiao.png?no-wait=on,0,2026-05-24T18:18:15.43205+08:00,2026-05-24T18:18:15.43205+08:00
综合分析,58,0,85,Whois查询网,极力推荐，查询速度极快！,whois | 域名,,,https://whoiscx.com/,,0,2026-05-24T18:27:19.736771+08:00,2026-05-24T18:27:28.540798+08:00
哈希查询,59,0,84,MD5解密聚合平台,One-Fox安全团队 MD5 解密聚合平台,MD5 | SHA1 | SHA256 | 哈希,,,https://md5.one-fox.cn/,https://didctf-file.s3.bitiful.net/didctf-tools-ico/one-fox.png?no-wait=on,0,2026-05-24T18:20:18.297971+08:00,2026-05-24T18:20:18.297971+08:00
磁盘取证,60,0,89,The Sleuth Kit,开源数字取证工具集，提供命令行工具和C库用于分析磁盘镜像和文件系统，支持NTFS/FAT/EXT/HFS等格式,磁盘分析 | 文件系统 | 命令行 | 开源,,https://github.com/sleuthkit/sleuthkit,https://www.sleuthkit.org/,https://didctf-file.s3.bitiful.net/didctf-tools-ico/The_Sleuth_Kit.png?no-wait=on,0,2026-05-24T18:48:35.29673+08:00,2026-05-24T18:48:35.29673+08:00
磁盘取证,60,0,90,Guymager,基于图形界面的免费取证磁盘镜像工具，支持EWF(E01)和dd格式，具有多线程压缩和哈希计算功能,磁盘镜像 | E01 | GUI | Linux,,https://github.com/guymager/guymager,https://guymager.sourceforge.io/,https://didctf-file.s3.bitiful.net/didctf-tools-ico/Guymager.png?no-wait=on,0,2026-05-24T18:48:35.297631+08:00,2026-05-24T18:48:35.297631+08:00
磁盘取证,60,0,91,dc3dd,美国国防部网络犯罪中心开发的dd增强版本，专为取证镜像设计，支持实时哈希校验、分段输出和日志记录,磁盘镜像 | 哈希校验 | 命令行 | 取证镜像,https://sourceforge.net/projects/dc3dd/,,https://sourceforge.net/projects/dc3dd/,https://didctf-file.s3.bitiful.net/didctf-tools-ico/dc3dd.png?no-wait=on,0,2026-05-24T18:48:35.298819+08:00,2026-05-24T18:48:35.298819+08:00
磁盘取证,60,0,137,Binalyze AIR,2023年崛起的云端DFIR平台，支持远程端点取证采集与自动化分析，提供免费社区版,远程取证 | 云端 | 自动化 | DFIR | 免费版,,,https://binalyze.com/,https://didctf-file.s3.bitiful.net/didctf-tools-ico/Binalyze_AIR.png?no-wait=on,0,2026-05-24T19:09:24.088926+08:00,2026-05-24T19:09:24.088926+08:00
Windows取证,61,0,94,RegRipper,开源Windows注册表取证分析工具，通过插件机制从注册表hive文件中提取和解析关键取证信息,注册表 | Windows | 插件化 | hive分析,,https://github.com/keydet89/RegRipper3.0,,https://didctf-file.s3.bitiful.net/didctf-tools-ico/RegRipper.png?no-wait=on,0,2026-05-24T18:48:35.301946+08:00,2026-05-24T18:48:35.301946+08:00
Windows取证,61,0,95,Eric Zimmerman Tools,一套免费的Windows数字取证工具集，包含MFTECmd、PECmd、LECmd等，覆盖注册表、预读取、快捷方式等多种取证工件解析,Windows取证 | MFT | Prefetch | LNK | 注册表,https://ericzimmerman.github.io/,https://github.com/EricZimmerman,https://ericzimmerman.github.io/,https://didctf-file.s3.bitiful.net/didctf-tools-ico/Eric_Zimmerman_Tools.png?no-wait=on,0,2026-05-24T18:48:35.302731+08:00,2026-05-24T18:48:35.302731+08:00
Windows取证,61,0,96,Chainsaw,快速搜索和分析Windows事件日志、注册表及MFT等取证工件的Rust命令行工具，支持Sigma规则,事件日志 | Sigma | 威胁狩猎 | Rust,,https://github.com/WithSecureLabs/chainsaw,,https://didctf-file.s3.bitiful.net/didctf-tools-ico/Chainsaw.png?no-wait=on,0,2026-05-24T18:48:35.303606+08:00,2026-05-24T18:48:35.303606+08:00
Windows取证,61,0,97,Hayabusa,基于Sigma规则的Windows事件日志快速威胁狩猎与取证时间线生成工具，由大和安全团队开发,事件日志 | Sigma | 时间线 | 威胁检测,,https://github.com/Yamato-Security/hayabusa,,https://didctf-file.s3.bitiful.net/didctf-tools-ico/Hayabusa.png?no-wait=on,0,2026-05-24T18:48:35.304272+08:00,2026-05-24T18:48:35.304272+08:00
Windows取证,61,0,120,Takajo,大和安全团队用Nim编写的Hayabusa结果分析器，2024-2025活跃开发，生成威胁狩猎报告与统计,Hayabusa | 结果分析 | Nim | 威胁狩猎 | 报告,,https://github.com/Yamato-Security/takajo,,https://didctf-file.s3.bitiful.net/didctf-tools-ico/Takajo.png?no-wait=on,0,2026-05-24T19:09:24.073397+08:00,2026-05-24T19:09:24.073397+08:00
Windows取证,61,0,126,RECmd,Eric Zimmerman的注册表命令行批量解析工具，支持自定义BatchMC文件提取关键取证信息,注册表 | 批量解析 | 命令行 | Zimmerman | Windows,https://ericzimmerman.github.io/,https://github.com/EricZimmerman/RECmd,,https://didctf-file.s3.bitiful.net/didctf-tools-ico/RECmd.png?no-wait=on,0,2026-05-24T19:09:24.079315+08:00,2026-05-24T19:09:24.079315+08:00
Windows取证,61,0,127,SrumECmd,Windows SRUM数据库解析工具，可提取30天内应用执行、网络使用、能耗等系统资源监控记录,SRUM | 应用执行 | 网络使用 | Zimmerman | Windows,https://ericzimmerman.github.io/,https://github.com/EricZimmerman/Srum,,https://didctf-file.s3.bitiful.net/didctf-tools-ico/SrumECmd.png?no-wait=on,0,2026-05-24T19:09:24.079908+08:00,2026-05-24T19:09:24.079908+08:00
Windows取证,61,0,143,WELA,大和安全团队开发的Windows事件日志分析器，PowerShell编写，专注登录事件时间线分析,事件日志 | 登录分析 | PowerShell | 时间线 | 大和安全,,https://github.com/Yamato-Security/WELA,,https://didctf-file.s3.bitiful.net/didctf-tools-ico/WELA.png?no-wait=on,0,2026-05-24T19:09:24.094118+08:00,2026-05-24T19:09:24.094118+08:00
逆向工程,62,0,100,Ghidra,由美国国家安全局(NSA)开发的开源软件逆向工程框架，支持反编译、反汇编和脚本自动化分析,逆向工程 | 反编译 | NSA | 恶意软件分析,,https://github.com/NationalSecurityAgency/ghidra,https://ghidra-sre.org/,https://didctf-file.s3.bitiful.net/didctf-tools-ico/Ghidra.png?no-wait=on,0,2026-05-24T18:48:35.307246+08:00,2026-05-24T18:48:35.307246+08:00
逆向工程,62,0,101,x64dbg,Windows平台开源用户态调试器，支持x86和x64程序的动态调试与分析，插件生态丰富,调试器 | Windows | 动态分析 | x86 | x64,https://x64dbg.com/,https://github.com/x64dbg/x64dbg,https://x64dbg.com/,https://didctf-file.s3.bitiful.net/didctf-tools-ico/x64dbg.png?no-wait=on,0,2026-05-24T18:48:35.307976+08:00,2026-05-24T18:48:35.307976+08:00
逆向工程,62,0,140,ImHex,2022年爆火的现代化十六进制编辑器，支持模式语言、数据处理器和可视化，45000+ Star,十六进制 | 模式语言 | 可视化 | 现代化 | C++,,https://github.com/WerWolv/ImHex,https://imhex.werwolv.net/,https://didctf-file.s3.bitiful.net/didctf-tools-ico/ImHex.png?no-wait=on,0,2026-05-24T19:09:24.09167+08:00,2026-05-24T19:09:24.09167+08:00
移动取证,63,0,102,MVT,由国际特赦组织开发的移动设备取证验证工具包，用于检测手机是否被Pegasus等间谍软件入侵,移动取证 | 间谍软件检测 | iOS | Android,,https://github.com/mvt-project/mvt,https://mvt.re/,https://didctf-file.s3.bitiful.net/didctf-tools-ico/MVT.png?no-wait=on,0,2026-05-24T18:48:35.309203+08:00,2026-05-24T18:48:35.309203+08:00
移动取证,63,0,103,ALEAPP,Android设备取证解析工具，可从文件系统提取和分析日志、事件、应用数据及Protobuf记录,Android取证 | 日志解析 | 应用数据 | 自动化,,https://github.com/abrignoni/ALEAPP,,https://didctf-file.s3.bitiful.net/didctf-tools-ico/ALEAPP.png?no-wait=on,0,2026-05-24T18:48:35.309908+08:00,2026-05-24T18:48:35.309908+08:00
移动取证,63,0,104,iLEAPP,iOS设备取证解析工具，可从iOS备份和文件系统中提取并分析日志、plist及应用数据,iOS取证 | 日志解析 | plist | 备份分析,,https://github.com/abrignoni/iLEAPP,,https://didctf-file.s3.bitiful.net/didctf-tools-ico/iLEAPP.png?no-wait=on,0,2026-05-24T18:48:35.310452+08:00,2026-05-24T18:48:35.310452+08:00
移动取证,63,0,105,Frida,跨平台动态插桩工具包，可在运行时注入JavaScript脚本来hook和修改应用程序行为，移动应用逆向必备,动态插桩 | Hook | 移动安全 | 逆向工程,,https://github.com/frida/frida,https://frida.re/,https://didctf-file.s3.bitiful.net/didctf-tools-ico/Frida.png?no-wait=on,0,2026-05-24T18:48:35.311158+08:00,2026-05-24T18:48:35.311158+08:00
应急响应,64,0,106,Velociraptor,开源的端点监控与数字取证响应(DFIR)平台，支持大规模端点数据采集、威胁狩猎与实时监控,DFIR | 端点监控 | 威胁狩猎 | VQL,,https://github.com/Velocidex/velociraptor,https://docs.velociraptor.app/,https://didctf-file.s3.bitiful.net/didctf-tools-ico/Velociraptor.png?no-wait=on,0,2026-05-24T18:48:35.312519+08:00,2026-05-24T18:48:35.312519+08:00
应急响应,64,0,107,GRR Rapid Response,Google开发的远程实时取证与事件响应框架，支持大规模终端调查与自动化数据采集,事件响应 | Google | 远程取证 | 大规模,,https://github.com/google/grr,https://grr-doc.readthedocs.io/,https://didctf-file.s3.bitiful.net/didctf-tools-ico/GRR_Rapid_Response.png?no-wait=on,0,2026-05-24T18:48:35.313313+08:00,2026-05-24T18:48:35.313313+08:00
应急响应,64,0,108,FireKylin,国产应急响应与取证分析工具（火麒麟），支持Windows/Linux系统的自动化安全检查和入侵痕迹排查,应急响应 | 国产工具 | 入侵检测 | 自动化,,https://github.com/MountCloud/FireKylin,,https://didctf-file.s3.bitiful.net/didctf-tools-ico/FireKylin.png?no-wait=on,0,2026-05-24T18:48:35.313999+08:00,2026-05-24T18:48:35.313999+08:00
应急响应,64,0,125,CyberTriage,Sleuth Kit作者开发的自动化DFIR分类工具，提供免费Lite版，自动分析端点威胁指标,自动化分诊 | DFIR | 免费版 | 端点分析 | 2024,,,https://www.cybertriage.com/,https://didctf-file.s3.bitiful.net/didctf-tools-ico/CyberTriage.png?no-wait=on,0,2026-05-24T19:09:24.078733+08:00,2026-05-24T19:09:24.078733+08:00
应急响应,64,0,130,Magnet Response,Magnet Forensics出品的免费端点数据采集工具，一键收集RAM、磁盘关键工件用于快速分诊,免费 | 端点采集 | RAM | 快速分诊 | Magnet,,,https://www.magnetforensics.com/resources/magnet-response/,https://didctf-file.s3.bitiful.net/didctf-tools-ico/Magnet_Response.png?no-wait=on,0,2026-05-24T19:09:24.082457+08:00,2026-05-24T19:09:24.082457+08:00
应急响应,64,0,133,Wazuh,开源XDR和SIEM平台，2024年持续活跃，支持入侵检测、日志分析、合规审计和取证数据采集,XDR | SIEM | 入侵检测 | 日志分析 | 开源,,https://github.com/wazuh/wazuh,https://wazuh.com/,https://didctf-file.s3.bitiful.net/didctf-tools-ico/Wazuh.png?no-wait=on,0,2026-05-24T19:09:24.084733+08:00,2026-05-24T19:09:24.084733+08:00
隐写分析,65,0,109,zsteg,用于检测PNG和BMP图片中隐写数据的Ruby命令行工具，支持LSB隐写、zlib压缩数据等多种检测方法,隐写术 | PNG | BMP | LSB | CTF,,https://github.com/zed-0xff/zsteg,,https://didctf-file.s3.bitiful.net/didctf-tools-ico/zsteg.png?no-wait=on,0,2026-05-24T18:48:35.315599+08:00,2026-05-24T18:48:35.315599+08:00
隐写分析,65,0,110,Stegsolve,Java编写的图像隐写分析工具，支持逐位平面查看、帧浏览、数据提取和图像合并等隐写检测功能,隐写术 | 位平面 | 图像分析 | Java | CTF,,https://github.com/Giotino/stegsolve,,https://didctf-file.s3.bitiful.net/didctf-tools-ico/Stegsolve.png?no-wait=on,0,2026-05-24T18:48:35.316365+08:00,2026-05-24T18:48:35.316365+08:00
密码破解,66,0,111,hashcat,世界最快的GPU密码恢复工具，支持300+哈希算法，利用显卡并行计算加速进行高速密码破解,密码破解 | GPU加速 | 哈希 | 暴力破解,,https://github.com/hashcat/hashcat,https://hashcat.net/hashcat/,https://didctf-file.s3.bitiful.net/didctf-tools-ico/hashcat.png?no-wait=on,0,2026-05-24T18:48:35.317829+08:00,2026-05-24T18:48:35.317829+08:00
密码破解,66,0,112,John the Ripper,经典开源密码破解工具，支持数百种哈希和加密格式的暴力破解、字典攻击和规则变换,密码破解 | 字典攻击 | 哈希 | 开源,,https://github.com/openwall/john,https://www.openwall.com/john/,https://didctf-file.s3.bitiful.net/didctf-tools-ico/John_the_Ripper.png?no-wait=on,0,2026-05-24T18:48:35.318401+08:00,2026-05-24T18:48:35.318401+08:00
综合工具,67,0,113,Ciphey,AI驱动的自动化解密/解码工具，利用自然语言处理自动识别加密类型并尝试破解，CTF比赛神器,自动解密 | AI | CTF | 编码识别,,https://github.com/Ciphey/Ciphey,https://docs.ciphey.online/,https://didctf-file.s3.bitiful.net/didctf-tools-ico/Ciphey.png?no-wait=on,0,2026-05-24T18:48:35.319719+08:00,2026-05-24T18:48:35.319719+08:00
综合工具,67,0,114,Loki,基于YARA规则、哈希值和文件名等IOC指标的简易主机端威胁扫描器，快速检测已知恶意软件,IOC扫描 | YARA | 威胁检测 | 应急响应,,https://github.com/Neo23x0/Loki,,https://didctf-file.s3.bitiful.net/didctf-tools-ico/Loki.png?no-wait=on,0,2026-05-24T18:48:35.320438+08:00,2026-05-24T18:48:35.320438+08:00
浏览器取证,68,0,115,Hindsight,用于解析Google Chrome/Chromium浏览器数据的开源取证工具，支持浏览历史、下载记录、缓存和Cookie分析,Chrome取证 | 浏览器 | 历史记录 | Cookie,,https://github.com/obsidianforensics/hindsight,https://dfir.blog/hindsight/,https://didctf-file.s3.bitiful.net/didctf-tools-ico/Hindsight.png?no-wait=on,0,2026-05-24T18:48:35.321825+08:00,2026-05-24T18:48:35.321825+08:00
URL解析,69,0,121,Unfurl,URL与时间戳解码可视化工具，可解析Google/社交媒体等复杂URL中隐藏的时间戳和参数信息,URL解析 | 时间戳 | 可视化 | 浏览器取证 | DFIR,,https://github.com/obsidianforensics/unfurl,https://dfir.blog/unfurl/,https://didctf-file.s3.bitiful.net/didctf-tools-ico/Unfurl.png?no-wait=on,0,2026-05-24T19:09:24.075198+08:00,2026-05-24T19:09:24.075198+08:00
IOC扫描,70,0,124,Thor Lite,Nextron Systems出品的免费IOC/YARA扫描器，Thor APT扫描器精简版，规则库持续更新,IOC扫描 | YARA | APT检测 | 免费 | Nextron,,,https://www.nextron-systems.com/thor-lite/,https://didctf-file.s3.bitiful.net/didctf-tools-ico/Thor_Lite.png?no-wait=on,0,2026-05-24T19:09:24.078004+08:00,2026-05-24T19:09:24.078004+08:00
取证发行版,71,0,128,Tsurugi Linux,专注DFIR/OSINT/恶意软件分析的Linux发行版，日本团队开发，预装数百种取证工具，持续更新,取证发行版 | DFIR | OSINT | Linux | 预装工具,,,https://tsurugi-linux.org/,https://didctf-file.s3.bitiful.net/didctf-tools-ico/Tsurugi_Linux.png?no-wait=on,0,2026-05-24T19:09:24.081206+08:00,2026-05-24T19:09:24.081206+08:00
取证发行版,71,0,129,CAINE,意大利团队开发的计算机取证Linux发行版，CAINE 13.0基于Ubuntu 22.04，提供完整取证环境,取证发行版 | Ubuntu | 意大利 | 完整环境 | 免费,,,https://www.caine-live.net/,https://didctf-file.s3.bitiful.net/didctf-tools-ico/CAINE.png?no-wait=on,0,2026-05-24T19:09:24.081826+08:00,2026-05-24T19:09:24.081826+08:00
日志分析,72,0,131,LogonTracer,JPCERT/CC开发的Windows登录事件可视化分析工具，通过图数据库展示账户登录关系和异常模式,登录分析 | 可视化 | 图数据库 | JPCERT | Windows,,https://github.com/JPCERTCC/LogonTracer,,https://didctf-file.s3.bitiful.net/didctf-tools-ico/LogonTracer.png?no-wait=on,0,2026-05-24T19:09:24.08356+08:00,2026-05-24T19:09:24.08356+08:00
日志分析,72,0,141,Sigma CLI,Sigma检测规则官方命令行工具，2022年新架构重写，支持规则验证、转换和管理,Sigma | 检测规则 | CLI | 规则转换 | 2022,,https://github.com/SigmaHQ/sigma-cli,,https://didctf-file.s3.bitiful.net/didctf-tools-ico/Sigma_CLI.png?no-wait=on,0,2026-05-24T19:09:24.092264+08:00,2026-05-24T19:09:24.092264+08:00
密码取证,73,0,134,RsaCtfTool,RSA攻击自动化工具，集成20+种RSA已知漏洞攻击方法（Wiener/Boneh-Durfee/Fermat等），CTF密码学必备,RSA | 密码学 | CTF | 自动化 | Python,,https://github.com/RsaCtfTool/RsaCtfTool,,https://didctf-file.s3.bitiful.net/didctf-tools-ico/RsaCtfTool.png?no-wait=on,0,2026-05-24T19:09:24.085834+08:00,2026-05-24T19:09:24.085834+08:00
蓝队工具,74,0,135,OpenIR,WgpSec狼组安全团队开源的应急响应工具箱，集成Windows/Linux主机排查、日志分析等功能,应急响应 | 国产 | WgpSec | 主机排查 | 开源,,https://github.com/wgpsec/OpenIR,,https://didctf-file.s3.bitiful.net/didctf-tools-ico/OpenIR.png?no-wait=on,0,2026-05-24T19:09:24.086967+08:00,2026-05-24T19:09:24.086967+08:00
蓝队工具,74,0,155,DPark应急响应工具箱,国产Windows应急响应工具箱，集成进程分析、启动项检查、网络连接排查等功能，GUI界面,应急响应 | Windows | GUI | 国产 | 排查,,https://github.com/crisprss/DPark,,https://didctf-file.s3.bitiful.net/didctf-tools-ico/DPark应急响应工具箱.png?no-wait=on,0,2026-05-24T19:46:39.724876+08:00,2026-05-24T19:46:39.724876+08:00
蓝队工具,74,0,156,GScan,国产Linux主机安全检查脚本，自动化检测Rootkit、后门、异常进程、可疑文件等入侵痕迹,Linux | 安全检查 | Rootkit | 后门检测 | 国产,,https://github.com/grayddq/GScan,,https://didctf-file.s3.bitiful.net/didctf-tools-ico/GScan.png?no-wait=on,0,2026-05-24T19:46:39.725563+08:00,2026-05-24T19:46:39.725563+08:00
蓝队工具,74,0,160,EHole,棱洞3.0，红队重点攻击系统指纹探测工具，蓝队可用于资产梳理和暴露面排查,指纹探测 | 资产梳理 | 棱洞 | 红蓝通用 | 国产,,https://github.com/EdgeSecurityTeam/EHole,,https://didctf-file.s3.bitiful.net/didctf-tools-ico/EHole.png?no-wait=on,0,2026-05-24T19:46:39.730313+08:00,2026-05-24T19:46:39.730313+08:00
蓝队工具,74,0,161,Hfish蜜罐,国产开源蜜罐平台，支持40+协议仿真，可快速部署用于攻击溯源和威胁感知,蜜罐 | 攻击溯源 | 协议仿真 | 国产 | 开源,,https://github.com/hacklcx/HFish,https://hfish.net/#/,https://didctf-file.s3.bitiful.net/didctf-tools-ico/Hfish蜜罐.png?no-wait=on,0,2026-05-24T19:46:39.730932+08:00,2026-05-24T19:46:39.730932+08:00
蓝队工具,74,0,164,Tai-e,南京大学开发的Java静态分析框架，支持污点分析/指针分析/数据流分析，可用于恶意代码审计,静态分析 | Java | 污点分析 | 南京大学 | 国产,,https://github.com/pascal-lab/Tai-e,,https://didctf-file.s3.bitiful.net/didctf-tools-ico/Tai-e.png?no-wait=on,0,2026-05-24T19:46:39.732961+08:00,2026-05-24T19:46:39.732961+08:00
蓝队工具,74,0,165,Veinmind,长亭科技开源的容器安全工具集，支持镜像漏洞扫描、恶意文件检测和敏感信息发现,容器安全 | 长亭 | 镜像扫描 | 恶意检测 | 国产,,https://github.com/chaitin/veinmind-tools,,https://didctf-file.s3.bitiful.net/didctf-tools-ico/Veinmind.png?no-wait=on,0,2026-05-24T19:46:39.733715+08:00,2026-05-24T19:46:39.733715+08:00
威胁情报,75,0,136,OpenCTI,开源网络威胁情报平台，支持STIX2标准，可关联IOC/TTPs/威胁行为者，6000+ Star,威胁情报 | STIX2 | IOC | 开源 | 协作平台,,https://github.com/OpenCTI-Platform/opencti,https://www.opencti.io/,https://didctf-file.s3.bitiful.net/didctf-tools-ico/OpenCTI.png?no-wait=on,0,2026-05-24T19:09:24.088234+08:00,2026-05-24T19:09:24.088234+08:00
威胁情报,75,0,144,360威胁情报中心,360安全大脑驱动的威胁情报查询平台，支持IP/域名/文件Hash信誉查询和关联分析,威胁情报 | 360 | IP查询 | Hash查询 | 国产,,,https://ti.360.net/,https://didctf-file.s3.bitiful.net/didctf-tools-ico/360威胁情报中心.png?no-wait=on,0,2026-05-24T19:46:39.711152+08:00,2026-05-24T19:46:39.711152+08:00
威胁情报,75,0,145,绿盟威胁情报中心,绿盟科技NTI威胁情报中心，提供漏洞情报、IP信誉、域名信誉和恶意样本情报查询,威胁情报 | 绿盟 | 漏洞情报 | IP信誉 | 国产,,,https://nti.nsfocus.com/,https://didctf-file.s3.bitiful.net/didctf-tools-ico/绿盟威胁情报中心.png?no-wait=on,0,2026-05-24T19:46:39.712438+08:00,2026-05-24T19:46:39.712438+08:00
威胁情报,75,0,146,安恒威胁情报中心,安恒信息恒脑威胁情报平台，提供APT追踪、样本分析、IOC查询等威胁情报服务,威胁情报 | 安恒 | APT | IOC | 国产,,,https://ti.dbappsecurity.com.cn/,https://didctf-file.s3.bitiful.net/didctf-tools-ico/安恒威胁情报中心.png?no-wait=on,0,2026-05-24T19:46:39.713229+08:00,2026-05-24T19:46:39.713229+08:00
威胁情报,75,0,147,天际友盟情报查询,天际友盟RedQueen威胁情报平台，聚合多源情报数据，支持IOC批量查询和情报订阅,威胁情报 | 天际友盟 | IOC | 多源聚合 | 国产,,,https://redqueen.tj-un.com/,https://didctf-file.s3.bitiful.net/didctf-tools-ico/天际友盟情报查询.png?no-wait=on,0,2026-05-24T19:46:39.713988+08:00,2026-05-24T19:46:39.713988+08:00
容器取证,76,0,138,Falco,CNCF孵化的云原生运行时安全工具，基于eBPF/内核模块检测容器和K8s异常行为，7000+ Star,容器安全 | Kubernetes | eBPF | CNCF | 运行时,,https://github.com/falcosecurity/falco,https://falco.org/,https://didctf-file.s3.bitiful.net/didctf-tools-ico/Falco.png?no-wait=on,0,2026-05-24T19:09:24.09012+08:00,2026-05-24T19:09:24.09012+08:00
云取证,77,0,142,Prowler,AWS/Azure/GCP云安全审计与取证工具，支持300+检查项，2024年持续活跃，10000+ Star,云安全 | AWS | Azure | GCP | 审计取证,,https://github.com/prowler-cloud/prowler,https://prowler.com/,https://didctf-file.s3.bitiful.net/didctf-tools-ico/Prowler.png?no-wait=on,0,2026-05-24T19:09:24.093476+08:00,2026-05-24T19:09:24.093476+08:00
网络空间测绘,78,0,148,FOFA,白帽汇出品的网络空间资产搜索引擎，支持全球IPv4/IPv6资产测绘，取证中用于资产关联分析,网络空间 | 资产测绘 | 白帽汇 | 搜索引擎 | 国产,,,https://fofa.info/,https://didctf-file.s3.bitiful.net/didctf-tools-ico/FOFA.png?no-wait=on,0,2026-05-24T19:46:39.715656+08:00,2026-05-24T19:46:39.715656+08:00
网络空间测绘,78,0,149,Hunter鹰图平台,奇安信出品的网络空间测绘平台，支持资产发现、指纹识别和关联分析，取证溯源利器,网络空间 | 奇安信 | 资产发现 | 指纹识别 | 国产,,,https://hunter.qianxin.com/,https://didctf-file.s3.bitiful.net/didctf-tools-ico/Hunter鹰图平台.png?no-wait=on,0,2026-05-24T19:46:39.716472+08:00,2026-05-24T19:46:39.716472+08:00
网络空间测绘,78,0,150,Quake,360出品的网络空间测绘系统，支持服务识别、漏洞关联和资产画像，每日更新全球资产数据,网络空间 | 360 | 服务识别 | 资产画像 | 国产,,,https://quake.360.net/,https://didctf-file.s3.bitiful.net/didctf-tools-ico/Quake.png?no-wait=on,0,2026-05-24T19:46:39.717153+08:00,2026-05-24T19:46:39.717153+08:00
网络空间测绘,78,0,151,ZoomEye钟馗之眼,知道创宇出品的网络空间搜索引擎，支持设备指纹、Web组件和工控设备搜索,网络空间 | 知道创宇 | 设备搜索 | 工控 | 国产,,,https://www.zoomeye.org/,https://didctf-file.s3.bitiful.net/didctf-tools-ico/ZoomEye%E9%92%9F%E9%A6%97%E4%B9%8B%E7%9C%BC.svg?no-wait=on,0,2026-05-24T19:46:39.718215+08:00,2026-05-24T19:47:46.361528+08:00
漏洞情报,79,0,154,Seebug漏洞平台,知道创宇出品的漏洞信息平台，收录海量PoC/Exp，支持漏洞搜索和订阅预警,漏洞 | 知道创宇 | PoC | Exp | 国产,,,https://www.seebug.org/,https://didctf-file.s3.bitiful.net/didctf-tools-ico/Seebug漏洞平台.png?no-wait=on,0,2026-05-24T19:46:39.724151+08:00,2026-05-24T19:46:39.724151+08:00
密码恢复,80,0,158,Passware Kit,专业密码恢复与解密工具，支持300+文件格式密码破解，取证领域常用的加密文件处理工具,密码恢复 | 加密破解 | 取证 | 300+格式 | 专业,,,https://www.passware.com/,https://didctf-file.s3.bitiful.net/didctf-tools-ico/Passware_Kit.png?no-wait=on,0,2026-05-24T19:46:39.727657+08:00,2026-05-24T19:46:39.727657+08:00
在线工具,81,0,159,安全星图平台,360出品的安全可视化分析平台，支持恶意样本家族关联、攻击链路可视化展示,可视化 | 360 | 关联分析 | 攻击链路 | 国产,,,https://ti.360.net/graph,https://didctf-file.s3.bitiful.net/didctf-tools-ico/安全星图平台.png?no-wait=on,0,2026-05-24T19:46:39.729698+08:00,2026-05-24T19:46:39.729698+08:00
在线工具,81,0,162,IP138,国内老牌IP/域名查询平台，支持IP归属地、域名Whois、备案信息查询，取证溯源常用,IP查询 | 域名 | Whois | 备案 | 国产,,,https://www.ip138.com/,https://didctf-file.s3.bitiful.net/didctf-tools-ico/IP138.png?no-wait=on,0,2026-05-24T19:46:39.731559+08:00,2026-05-24T19:46:39.731559+08:00
在线工具,81,0,163,站长工具,国内综合站长工具平台，提供Whois/DNS/Ping/端口扫描等在线查询，取证信息收集常用,在线工具 | Whois | DNS | 信息收集 | 国产,,,https://tool.chinaz.com/,https://didctf-file.s3.bitiful.net/didctf-tools-ico/站长工具.png?no-wait=on,0,2026-05-24T19:46:39.732232+08:00,2026-05-24T19:46:39.732232+08:00
基础学习,82,0,166,Start Your Linux,Linux学习网站,linux,,,https://syl.imxbt.cn/,,0,2026-06-06T23:12:56.073529+08:00,2026-06-06T23:12:56.073529+08:00
