site,title,url,html_path,text_path,status
yagami,2026盘古石预赛 移动介质取证题解析 - yagami,https://www.yagami.vip/archives/2026-pan-gu-shi-yu-sai-yi-dong-jie-zhi-qu-zheng-ti-jie-xi,forensics-wp-corpus\raw\yagami\archives_2026-pan-gu-shi-yu-sai-yi-dong-jie-zhi-qu-zheng-ti-jie-xi.html,forensics-wp-corpus\text\yagami\archives_2026-pan-gu-shi-yu-sai-yi-dong-jie-zhi-qu-zheng-ti-jie-xi.txt,200
yagami,2026聚合獬豸杯-服务器题解析 - yagami,https://www.yagami.vip/archives/2026-ju-he-xie-zhi-bao---fu-wu-qi-ti-jie-xi,forensics-wp-corpus\raw\yagami\archives_2026-ju-he-xie-zhi-bao---fu-wu-qi-ti-jie-xi.html,forensics-wp-corpus\text\yagami\archives_2026-ju-he-xie-zhi-bao---fu-wu-qi-ti-jie-xi.txt,200
yagami,2026盘古石预赛 PVE 集群服务器题解析 - yagami,https://www.yagami.vip/archives/2026-pan-gu-shi-yu-sai-pve-ji-qun-fu-wu-qi-ti-jie-xi,forensics-wp-corpus\raw\yagami\archives_2026-pan-gu-shi-yu-sai-pve-ji-qun-fu-wu-qi-ti-jie-xi.html,forensics-wp-corpus\text\yagami\archives_2026-pan-gu-shi-yu-sai-pve-ji-qun-fu-wu-qi-ti-jie-xi.txt,200
yagami,2025数证杯决赛团体赛服务器解析 - yagami,https://www.yagami.vip/archives/2025-shu-zheng-bao-jue-sai-tuan-ti-sai-fu-wu-qi-jie-xi,forensics-wp-corpus\raw\yagami\archives_2025-shu-zheng-bao-jue-sai-tuan-ti-sai-fu-wu-qi-jie-xi.html,forensics-wp-corpus\text\yagami\archives_2025-shu-zheng-bao-jue-sai-tuan-ti-sai-fu-wu-qi-jie-xi.txt,200
yagami,2025数证杯决赛个人赛服务器解析 - yagami,https://www.yagami.vip/archives/2025-shu-zheng-bao-jue-sai-ge-ren-sai-fu-wu-qi-jie-xi,forensics-wp-corpus\raw\yagami\archives_2025-shu-zheng-bao-jue-sai-ge-ren-sai-fu-wu-qi-jie-xi.html,forensics-wp-corpus\text\yagami\archives_2025-shu-zheng-bao-jue-sai-ge-ren-sai-fu-wu-qi-jie-xi.txt,200
yagami,2025年数证杯初赛服务器题解析 - yagami,https://www.yagami.vip/archives/2025-nian-shu-zheng-bei-chu-sai-fu-wu-qi-ti-jie-xi,forensics-wp-corpus\raw\yagami\archives_2025-nian-shu-zheng-bei-chu-sai-fu-wu-qi-ti-jie-xi.html,forensics-wp-corpus\text\yagami\archives_2025-nian-shu-zheng-bei-chu-sai-fu-wu-qi-ti-jie-xi.txt,200
yagami,2025年刑事技能大赛个人赛服务器题解析 - yagami,https://www.yagami.vip/archives/2025-nian-xing-shi-ji-neng-da-sai-ge-ren-sai-fu-wu-qi-ti-jie-xi,forensics-wp-corpus\raw\yagami\archives_2025-nian-xing-shi-ji-neng-da-sai-ge-ren-sai-fu-wu-qi-ti-jie-xi.html,forensics-wp-corpus\text\yagami\archives_2025-nian-xing-shi-ji-neng-da-sai-ge-ren-sai-fu-wu-qi-ti-jie-xi.txt,200
yagami,2023年 上海刑侦比武 服务器题解析 - yagami,https://www.yagami.vip/archives/2023-nian-shang-hai-xing-zhen-bi-wu-fu-wu-qi-ti-jie-xi,forensics-wp-corpus\raw\yagami\archives_2023-nian-shang-hai-xing-zhen-bi-wu-fu-wu-qi-ti-jie-xi.html,forensics-wp-corpus\text\yagami\archives_2023-nian-shang-hai-xing-zhen-bi-wu-fu-wu-qi-ti-jie-xi.txt,200
yagami,2023年 全国刑侦比武 Linux服务器题解析  - yagami,https://www.yagami.vip/archives/2023-nian-quan-guo-xing-zhen-bi-wu-linux-fu-wu-qi-ti-jie-xi,forensics-wp-corpus\raw\yagami\archives_2023-nian-quan-guo-xing-zhen-bi-wu-linux-fu-wu-qi-ti-jie-xi.html,forensics-wp-corpus\text\yagami\archives_2023-nian-quan-guo-xing-zhen-bi-wu-linux-fu-wu-qi-ti-jie-xi.txt,200
yagami,2022年 福建刑侦比武 Linux服务器题解析  - yagami,https://www.yagami.vip/archives/2022-nian-fu-jian-xing-zhen-bi-wu-linux-fu-wu-qi-ti-jie-xi,forensics-wp-corpus\raw\yagami\archives_2022-nian-fu-jian-xing-zhen-bi-wu-linux-fu-wu-qi-ti-jie-xi.html,forensics-wp-corpus\text\yagami\archives_2022-nian-fu-jian-xing-zhen-bi-wu-linux-fu-wu-qi-ti-jie-xi.txt,200
yagami,2023年 湖南网安比武题 服务器集群分析 - yagami,https://www.yagami.vip/archives/2023-nian-hu-nan-wang-an-bi-wu-ti-fu-wu-qi-ji-qun-fen-xi,forensics-wp-corpus\raw\yagami\archives_2023-nian-hu-nan-wang-an-bi-wu-ti-fu-wu-qi-ji-qun-fen-xi.html,forensics-wp-corpus\text\yagami\archives_2023-nian-hu-nan-wang-an-bi-wu-ti-fu-wu-qi-ji-qun-fen-xi.txt,200
yagami,2023年 贵州刑侦比武 服务器题分析 - yagami,https://www.yagami.vip/archives/2023-nian-gui-zhou-xing-zhen-bi-wu-fu-wu-qi-ti-fen-xi,forensics-wp-corpus\raw\yagami\archives_2023-nian-gui-zhou-xing-zhen-bi-wu-fu-wu-qi-ti-fen-xi.html,forensics-wp-corpus\text\yagami\archives_2023-nian-gui-zhou-xing-zhen-bi-wu-fu-wu-qi-ti-fen-xi.txt,200
yagami,2022年 广西刑侦比武 服务器题分析  - yagami,https://www.yagami.vip/archives/2022-nian-guang-xi-xing-zhen-bi-wu-fu-wu-qi-ti-fen-xi,forensics-wp-corpus\raw\yagami\archives_2022-nian-guang-xi-xing-zhen-bi-wu-fu-wu-qi-ti-fen-xi.html,forensics-wp-corpus\text\yagami\archives_2022-nian-guang-xi-xing-zhen-bi-wu-fu-wu-qi-ti-fen-xi.txt,200
yagami,2021年 黑龙江刑侦比武 服务器题分析  - yagami,https://www.yagami.vip/archives/2021-nian-hei-long-jiang-xing-zhen-bi-wu-fu-wu-qi-ti-fen-xi,forensics-wp-corpus\raw\yagami\archives_2021-nian-hei-long-jiang-xing-zhen-bi-wu-fu-wu-qi-ti-fen-xi.html,forensics-wp-corpus\text\yagami\archives_2021-nian-hei-long-jiang-xing-zhen-bi-wu-fu-wu-qi-ti-fen-xi.txt,200
yagami,2022年 安徽网安比武题 k8s服务器集群分析 - yagami,https://www.yagami.vip/archives/2022-nian-an-hui-wang-an-bi-wu-ti-k8s-fu-wu-qi-ji-qun-fen-xi,forensics-wp-corpus\raw\yagami\archives_2022-nian-an-hui-wang-an-bi-wu-ti-k8s-fu-wu-qi-ji-qun-fen-xi.html,forensics-wp-corpus\text\yagami\archives_2022-nian-an-hui-wang-an-bi-wu-ti-k8s-fu-wu-qi-ji-qun-fen-xi.txt,200
yagami,2023年 首届盘古石杯全国电子数据取证大赛 技能赛决赛 服务器题解析 - yagami,https://www.yagami.vip/archives/2023-pan-gu-shi-bei-jue-sai-fu-wu-qi-ti-jie-xi,forensics-wp-corpus\raw\yagami\archives_2023-pan-gu-shi-bei-jue-sai-fu-wu-qi-ti-jie-xi.html,forensics-wp-corpus\text\yagami\archives_2023-pan-gu-shi-bei-jue-sai-fu-wu-qi-ti-jie-xi.txt,200
yagami,第四届网剑杯电子取证比武资格赛 服务器题分析 - yagami,https://www.yagami.vip/archives/di-si-jie-wang-jian-bei-dian-zi-qu-zheng-bi-wu-zi-ge-sai-fu-wu-qi-ti-fen-xi,forensics-wp-corpus\raw\yagami\archives_di-si-jie-wang-jian-bei-dian-zi-qu-zheng-bi-wu-zi-ge-sai-fu-wu-qi-ti-fen-xi.html,forensics-wp-corpus\text\yagami\archives_di-si-jie-wang-jian-bei-dian-zi-qu-zheng-bi-wu-zi-ge-sai-fu-wu-qi-ti-fen-xi.txt,200
yagami,2022杭州网安比武题 服务器集群分析 - yagami,https://www.yagami.vip/archives/2022杭州网安比武题服务器集群分析,forensics-wp-corpus\raw\yagami\archives_2022杭州网安比武题服务器集群分析.html,forensics-wp-corpus\text\yagami\archives_2022杭州网安比武题服务器集群分析.txt,200
xidian,赛事题解 - XD Forensics Wiki,https://forensics.xidian.edu.cn/writeups/,forensics-wp-corpus\raw\xidian\writeups.html,forensics-wp-corpus\text\xidian\writeups.txt,200
xidian,2026年 第四届 盘古石杯电子取证竞赛 初赛 题解 - XD Forensics Wiki,https://forensics.xidian.edu.cn/writeups/PGS2026Preliminary/,forensics-wp-corpus\raw\xidian\writeups_PGS2026Preliminary.html,forensics-wp-corpus\text\xidian\writeups_PGS2026Preliminary.txt,200
xidian,2026 FIC 初赛 - XD Forensics Wiki,https://forensics.xidian.edu.cn/writeups/FIC2026Preliminary/,forensics-wp-corpus\raw\xidian\writeups_FIC2026Preliminary.html,forensics-wp-corpus\text\xidian\writeups_FIC2026Preliminary.txt,200
xidian,第三届 平航杯电子数据取证竞赛 题解 - XD Forensics Wiki,https://forensics.xidian.edu.cn/writeups/Pinghang2026/,forensics-wp-corpus\raw\xidian\writeups_Pinghang2026.html,forensics-wp-corpus\text\xidian\writeups_Pinghang2026.txt,200
xidian,第十一届 美亚杯中国电子数据取证大赛 团队赛 题解 - XD Forensics Wiki,https://forensics.xidian.edu.cn/writeups/MeiyaCup2025Group/,forensics-wp-corpus\raw\xidian\writeups_MeiyaCup2025Group.html,forensics-wp-corpus\text\xidian\writeups_MeiyaCup2025Group.txt,200
xidian,第十一届 美亚杯中国电子数据取证大赛 个人赛 题解 - XD Forensics Wiki,https://forensics.xidian.edu.cn/writeups/MeiyaCup2025Individual/,forensics-wp-corpus\raw\xidian\writeups_MeiyaCup2025Individual.html,forensics-wp-corpus\text\xidian\writeups_MeiyaCup2025Individual.txt,200
xidian,第三届 龙信杯电子数据取证大赛 题解 - XD Forensics Wiki,https://forensics.xidian.edu.cn/writeups/Longxin2025/,forensics-wp-corpus\raw\xidian\writeups_Longxin2025.html,forensics-wp-corpus\text\xidian\writeups_Longxin2025.txt,200
xidian,第二届 数证杯电子数据取证分析大赛 初赛 题解 - XD Forensics Wiki,https://forensics.xidian.edu.cn/writeups/Shuzheng2025Preliminary/,forensics-wp-corpus\raw\xidian\writeups_Shuzheng2025Preliminary.html,forensics-wp-corpus\text\xidian\writeups_Shuzheng2025Preliminary.txt,200
xidian,2025年 高校网络安全管理运维赛-电子数据取证分析师赛道 题解 - XD Forensics Wiki,https://forensics.xidian.edu.cn/writeups/Edu2025/,forensics-wp-corpus\raw\xidian\writeups_Edu2025.html,forensics-wp-corpus\text\xidian\writeups_Edu2025.txt,200
xidian,第二届 平航杯电子数据取证竞赛 题解 - XD Forensics Wiki,https://forensics.xidian.edu.cn/writeups/Pinghang2025/,forensics-wp-corpus\raw\xidian\writeups_Pinghang2025.html,forensics-wp-corpus\text\xidian\writeups_Pinghang2025.txt,200
xidian,2025 獬豸杯全国电子数据取证竞赛 题解 - XD Forensics Wiki,https://forensics.xidian.edu.cn/writeups/XieZhi2025/,forensics-wp-corpus\raw\xidian\writeups_XieZhi2025.html,forensics-wp-corpus\text\xidian\writeups_XieZhi2025.txt,200
xidian,第三届 盘古石杯电子取证竞赛 决赛 题解 - XD Forensics Wiki,https://forensics.xidian.edu.cn/writeups/PGS2025Final/,forensics-wp-corpus\raw\xidian\writeups_PGS2025Final.html,forensics-wp-corpus\text\xidian\writeups_PGS2025Final.txt,200
xidian,第三届 盘古石杯电子取证竞赛 初赛 题解 - XD Forensics Wiki,https://forensics.xidian.edu.cn/writeups/PGS2025Preliminary/,forensics-wp-corpus\raw\xidian\writeups_PGS2025Preliminary.html,forensics-wp-corpus\text\xidian\writeups_PGS2025Preliminary.txt,200
xidian,第五届 FIC全国网络空间取证大赛 决赛 题解 - XD Forensics Wiki,https://forensics.xidian.edu.cn/writeups/FIC2025Final/,forensics-wp-corpus\raw\xidian\writeups_FIC2025Final.html,forensics-wp-corpus\text\xidian\writeups_FIC2025Final.txt,200
xidian,第五届 FIC全国网络空间取证大赛 初赛 题解 - XD Forensics Wiki,https://forensics.xidian.edu.cn/writeups/FIC2025Preliminary/,forensics-wp-corpus\raw\xidian\writeups_FIC2025Preliminary.html,forensics-wp-corpus\text\xidian\writeups_FIC2025Preliminary.txt,200
xidian,第十届 美亚杯中国电子数据取证大赛 个人赛 题解 - XD Forensics Wiki,https://forensics.xidian.edu.cn/writeups/MeiyaCup2024Individual/,forensics-wp-corpus\raw\xidian\writeups_MeiyaCup2024Individual.html,forensics-wp-corpus\text\xidian\writeups_MeiyaCup2024Individual.txt,200
xidian,第十届 美亚杯中国电子数据取证大赛 团体赛 题解 - XD Forensics Wiki,https://forensics.xidian.edu.cn/writeups/MeiyaCup2024Group/,forensics-wp-corpus\raw\xidian\writeups_MeiyaCup2024Group.html,forensics-wp-corpus\text\xidian\writeups_MeiyaCup2024Group.txt,200
xidian,第二届 盘古石杯电子取证竞赛 初赛 题解 - XD Forensics Wiki,https://forensics.xidian.edu.cn/writeups/PGS2024Preliminary/,forensics-wp-corpus\raw\xidian\writeups_PGS2024Preliminary.html,forensics-wp-corpus\text\xidian\writeups_PGS2024Preliminary.txt,200
xidian,第二届 盘古石杯电子取证竞赛 决赛 题解 - XD Forensics Wiki,https://forensics.xidian.edu.cn/writeups/PGS2024Final/,forensics-wp-corpus\raw\xidian\writeups_PGS2024Final.html,forensics-wp-corpus\text\xidian\writeups_PGS2024Final.txt,200
xidian,第五届 中科实数杯全国电子数据取证与司法鉴定挑战赛 题解 - XD Forensics Wiki,https://forensics.xidian.edu.cn/writeups/ZKSS2024/,forensics-wp-corpus\raw\xidian\writeups_ZKSS2024.html,forensics-wp-corpus\text\xidian\writeups_ZKSS2024.txt,200
xidian,第二届 龙信杯电子数据取证大赛 题解 - XD Forensics Wiki,https://forensics.xidian.edu.cn/writeups/Longxin2024/,forensics-wp-corpus\raw\xidian\writeups_Longxin2024.html,forensics-wp-corpus\text\xidian\writeups_Longxin2024.txt,200
xidian,第九届 美亚杯中国电子数据取证大赛 个人赛 题解 - XD Forensics Wiki,https://forensics.xidian.edu.cn/writeups/MeiyaCup2023Individual/,forensics-wp-corpus\raw\xidian\writeups_MeiyaCup2023Individual.html,forensics-wp-corpus\text\xidian\writeups_MeiyaCup2023Individual.txt,200
xidian,第九届 美亚杯中国电子数据取证大赛 团体赛 题解 - XD Forensics Wiki,https://forensics.xidian.edu.cn/writeups/MeiyaCup2023Group/,forensics-wp-corpus\raw\xidian\writeups_MeiyaCup2023Group.html,forensics-wp-corpus\text\xidian\writeups_MeiyaCup2023Group.txt,200
xidian,首届 盘古石杯电子取证竞赛 初赛 题解 - XD Forensics Wiki,https://forensics.xidian.edu.cn/writeups/PGS2023Preliminary/,forensics-wp-corpus\raw\xidian\writeups_PGS2023Preliminary.html,forensics-wp-corpus\text\xidian\writeups_PGS2023Preliminary.txt,200
xidian,第四届 中科实数杯全国电子数据取证与司法鉴定挑战赛 题解 - XD Forensics Wiki,https://forensics.xidian.edu.cn/writeups/ZKSS2023/,forensics-wp-corpus\raw\xidian\writeups_ZKSS2023.html,forensics-wp-corpus\text\xidian\writeups_ZKSS2023.txt,200
xidian,第四届 长安杯电子数据取证竞赛 题解 - XD Forensics Wiki,https://forensics.xidian.edu.cn/writeups/ChanganCup2022/,forensics-wp-corpus\raw\xidian\writeups_ChanganCup2022.html,forensics-wp-corpus\text\xidian\writeups_ChanganCup2022.txt,200
xidian,第八届 美亚杯中国电子数据取证大赛 个人赛 题解 - XD Forensics Wiki,https://forensics.xidian.edu.cn/writeups/MeiyaCup2022Individual/,forensics-wp-corpus\raw\xidian\writeups_MeiyaCup2022Individual.html,forensics-wp-corpus\text\xidian\writeups_MeiyaCup2022Individual.txt,200
xidian,第八届 美亚杯中国电子数据取证大赛 团体赛 题解 - XD Forensics Wiki,https://forensics.xidian.edu.cn/writeups/MeiyaCup2022Group/,forensics-wp-corpus\raw\xidian\writeups_MeiyaCup2022Group.html,forensics-wp-corpus\text\xidian\writeups_MeiyaCup2022Group.txt,200
xidian,第三届 长安杯电子数据取证竞赛 题解 - XD Forensics Wiki,https://forensics.xidian.edu.cn/writeups/ChanganCup2021/,forensics-wp-corpus\raw\xidian\writeups_ChanganCup2021.html,forensics-wp-corpus\text\xidian\writeups_ChanganCup2021.txt,200
xidian,第七届 美亚杯中国电子数据取证大赛 个人赛 题解 - XD Forensics Wiki,https://forensics.xidian.edu.cn/writeups/MeiyaCup2021Individual/,forensics-wp-corpus\raw\xidian\writeups_MeiyaCup2021Individual.html,forensics-wp-corpus\text\xidian\writeups_MeiyaCup2021Individual.txt,200
xidian,第七届 美亚杯中国电子数据取证大赛 团体赛 题解 - XD Forensics Wiki,https://forensics.xidian.edu.cn/writeups/MeiyaCup2021Group/,forensics-wp-corpus\raw\xidian\writeups_MeiyaCup2021Group.html,forensics-wp-corpus\text\xidian\writeups_MeiyaCup2021Group.txt,200
xidian,第三届 中科实数杯全国电子数据取证与司法鉴定挑战赛 题解 - XD Forensics Wiki,https://forensics.xidian.edu.cn/writeups/ZKSS2021/,forensics-wp-corpus\raw\xidian\writeups_ZKSS2021.html,forensics-wp-corpus\text\xidian\writeups_ZKSS2021.txt,200
xidian,第二届 长安杯电子数据取证竞赛 题解 - XD Forensics Wiki,https://forensics.xidian.edu.cn/writeups/ChanganCup2020/,forensics-wp-corpus\raw\xidian\writeups_ChanganCup2020.html,forensics-wp-corpus\text\xidian\writeups_ChanganCup2020.txt,200
xidian,第六届 美亚杯中国电子数据取证大赛 团体赛 题解 - XD Forensics Wiki,https://forensics.xidian.edu.cn/writeups/MeiyaCup2020Group/,forensics-wp-corpus\raw\xidian\writeups_MeiyaCup2020Group.html,forensics-wp-corpus\text\xidian\writeups_MeiyaCup2020Group.txt,200
xidian,第一届 长安杯电子数据取证竞赛 题解 - XD Forensics Wiki,https://forensics.xidian.edu.cn/writeups/ChanganCup2019/,forensics-wp-corpus\raw\xidian\writeups_ChanganCup2019.html,forensics-wp-corpus\text\xidian\writeups_ChanganCup2019.txt,200
didctf_external,2026 平航杯团队赛wp,https://www.yuque.com/u59535634/ul9rm3/ai87w9su6zd6cw02?singleDoc# 《Group √》,forensics-wp-corpus\raw\didctf_external\002_2026_平航杯团队赛wp_14597919-a95e-4811-befb-03ea45b6613e.html,forensics-wp-corpus\text\didctf_external\002_2026_平航杯团队赛wp_14597919-a95e-4811-befb-03ea45b6613e.txt,200
didctf_external,2026盘古石杯线下计算机全解,https://mp.weixin.qq.com/s/Q6Bdd4RHbBddVhC2wCO_Mg,forensics-wp-corpus\raw\didctf_external\003_2026盘古石杯线下计算机全解_cf3da1a7-cd7d-4b3b-b60b-0698378c1136.html,forensics-wp-corpus\text\didctf_external\003_2026盘古石杯线下计算机全解_cf3da1a7-cd7d-4b3b-b60b-0698378c1136.txt,200
didctf_external,2026盘古石杯初赛WP,https://www.speedforensic.cn/learning-wiki?article=13,forensics-wp-corpus\raw\didctf_external\004_2026盘古石杯初赛WP_f0370423-f176-464f-acbf-4473afa11e9a.html,forensics-wp-corpus\text\didctf_external\004_2026盘古石杯初赛WP_f0370423-f176-464f-acbf-4473afa11e9a.txt,200
didctf_external,2026盘古石杯初赛wp,https://my.feishu.cn/wiki/BoNGwYaulidZvXkP6Yfclz76n2f,forensics-wp-corpus\raw\didctf_external\006_2026盘古石杯初赛wp_fcca0da9-c84c-4d8e-9d16-511a26474b34.html,forensics-wp-corpus\text\didctf_external\006_2026盘古石杯初赛wp_fcca0da9-c84c-4d8e-9d16-511a26474b34.txt,200
didctf_external,2026盘古石pgs初赛WP（无物联网）,https://ranncezx.github.io/RannCezx/post.html?id=1#q-11-1170,forensics-wp-corpus\raw\didctf_external\007_2026盘古石pgs初赛WP（无物联网）_095d40ab-913c-43e6-88e7-dbf812a4a24a.html,forensics-wp-corpus\text\didctf_external\007_2026盘古石pgs初赛WP（无物联网）_095d40ab-913c-43e6-88e7-dbf812a4a24a.txt,200
didctf_external,2025平航杯,https://blog.csdn.net/Rhea_zzzz/article/details/159929467?spm=1001.2014.3001.5502,forensics-wp-corpus\raw\didctf_external\008_2025平航杯_bab8bcc3-5fb9-49e7-8c61-44d5cef7d222.html,forensics-wp-corpus\text\didctf_external\008_2025平航杯_bab8bcc3-5fb9-49e7-8c61-44d5cef7d222.txt,200
didctf_external,2026平航杯,https://blog.csdn.net/Rhea_zzzz/article/details/160260933?spm=1001.2014.3001.5502,forensics-wp-corpus\raw\didctf_external\009_2026平航杯_a1b9784a-85dc-437d-a054-803b7c9cbed7.html,forensics-wp-corpus\text\didctf_external\009_2026平航杯_a1b9784a-85dc-437d-a054-803b7c9cbed7.txt,200
didctf_external,2025FIC决赛,https://www.cnblogs.com/WXjzc/p/18901128,forensics-wp-corpus\raw\didctf_external\010_2025FIC决赛_faad9d8e-3814-416c-859c-93bf4029b3dd.html,forensics-wp-corpus\text\didctf_external\010_2025FIC决赛_faad9d8e-3814-416c-859c-93bf4029b3dd.txt,200
didctf_external,2025fic初赛复盘,https://mei-you-qian.github.io/2025/10/28/2025fic初赛复盘/,forensics-wp-corpus\raw\didctf_external\011_2025fic初赛复盘_f5f9760c-d0d7-4756-830a-e5570d10ac46.html,forensics-wp-corpus\text\didctf_external\011_2025fic初赛复盘_f5f9760c-d0d7-4756-830a-e5570d10ac46.txt,200
didctf_external,2026FIC初赛,https://mei-you-qian.github.io/2026/05/07/2026FIC%E5%88%9D%E8%B5%9B/,forensics-wp-corpus\raw\didctf_external\012_2026FIC初赛_e79865cf-2c02-4231-9b82-b859154dfc19.html,forensics-wp-corpus\text\didctf_external\012_2026FIC初赛_e79865cf-2c02-4231-9b82-b859154dfc19.txt,200
didctf_external,2024平航杯部分复现,https://blog.csdn.net/2301_80913334/article/details/138353267,forensics-wp-corpus\raw\didctf_external\013_2024平航杯部分复现_e629a6ed-f93d-4ef8-a044-7dfc43ab2b8e.html,forensics-wp-corpus\text\didctf_external\013_2024平航杯部分复现_e629a6ed-f93d-4ef8-a044-7dfc43ab2b8e.txt,200
didctf_external,2025数证杯初赛参考解题思路（详细版）,https://mp.weixin.qq.com/s/APyP-mcd40kGCn2U1RKrZA,forensics-wp-corpus\raw\didctf_external\014_2025数证杯初赛参考解题思路（详细版）_dc1bf1d0-2b47-4695-b843-9bcbb704e3c8.html,forensics-wp-corpus\text\didctf_external\014_2025数证杯初赛参考解题思路（详细版）_dc1bf1d0-2b47-4695-b843-9bcbb704e3c8.txt,200
didctf_external,2025第六届警铮杯,https://mei-you-qian.github.io/2025/11/25/2025%E8%AD%A6%E9%93%AE%E6%9D%AF/,forensics-wp-corpus\raw\didctf_external\015_2025第六届警铮杯_cc09fc49-5378-4925-bc46-2cd21a90c5e5.html,forensics-wp-corpus\text\didctf_external\015_2025第六届警铮杯_cc09fc49-5378-4925-bc46-2cd21a90c5e5.txt,200
didctf_external,第四届 长安杯电子数据取证竞赛 题解,https://forensics.xidian.edu.cn/writeups/ChanganCup2022/,forensics-wp-corpus\raw\didctf_external\016_第四届_长安杯电子数据取证竞赛_题解_c8eafaa3-09aa-4ddf-82ef-3ae257f00590.html,forensics-wp-corpus\text\didctf_external\016_第四届_长安杯电子数据取证竞赛_题解_c8eafaa3-09aa-4ddf-82ef-3ae257f00590.txt,200
didctf_external,2021长安杯wp,https://www.cnblogs.com/WXjzc/p/16113357.html,forensics-wp-corpus\raw\didctf_external\017_2021长安杯wp_c85614c4-819e-4400-92c9-1cc06213e0f9.html,forensics-wp-corpus\text\didctf_external\017_2021长安杯wp_c85614c4-819e-4400-92c9-1cc06213e0f9.txt,200
didctf_external,2023龙信杯,https://www.cnblogs.com/WXjzc/p/17728788.html,forensics-wp-corpus\raw\didctf_external\018_2023龙信杯_c5bb52d3-c699-4160-a7c6-63fa7977f9d0.html,forensics-wp-corpus\text\didctf_external\018_2023龙信杯_c5bb52d3-c699-4160-a7c6-63fa7977f9d0.txt,200
didctf_external,2024数证杯初赛,https://mei-you-qian.github.io/2025/11/25/2024%E6%95%B0%E8%AF%81%E6%9D%AF%E5%88%9D%E8%B5%9B/,forensics-wp-corpus\raw\didctf_external\019_2024数证杯初赛_c4f800ac-9915-48de-902d-641d6ac0dc75.html,forensics-wp-corpus\text\didctf_external\019_2024数证杯初赛_c4f800ac-9915-48de-902d-641d6ac0dc75.txt,200
didctf_external,第二届 盘古石杯电子取证竞赛 决赛 题解,https://forensics.xidian.edu.cn/writeups/PGS2024Final/,forensics-wp-corpus\raw\didctf_external\020_第二届_盘古石杯电子取证竞赛_决赛_题解_c3fd2c88-e6ad-47f6-a87c-15b5154d18f5.html,forensics-wp-corpus\text\didctf_external\020_第二届_盘古石杯电子取证竞赛_决赛_题解_c3fd2c88-e6ad-47f6-a87c-15b5154d18f5.txt,200
didctf_external,第二届 龙信杯电子数据取证大赛 题解,https://forensics.xidian.edu.cn/writeups/Longxin2024/,forensics-wp-corpus\raw\didctf_external\021_第二届_龙信杯电子数据取证大赛_题解_c028e3f7-2d7e-4fef-9a8e-7926a3161888.html,forensics-wp-corpus\text\didctf_external\021_第二届_龙信杯电子数据取证大赛_题解_c028e3f7-2d7e-4fef-9a8e-7926a3161888.txt,200
didctf_external,2025高校网络安全管理运维赛 官方Writeup,https://contest.pku.edu.cn/media/landing_page/2025-cyberops-official-writeup.zip,forensics-wp-corpus\raw\didctf_external\022_2025高校网络安全管理运维赛_官方Writeup_a78c314c-3028-4acb-b266-7089901aafa2.zip,forensics-wp-corpus\text\didctf_external\022_2025高校网络安全管理运维赛_官方Writeup_a78c314c-3028-4acb-b266-7089901aafa2.txt,200
didctf_external,2025数证杯初赛,https://mei-you-qian.github.io/2025/11/05/2025数证杯初赛/,forensics-wp-corpus\raw\didctf_external\023_2025数证杯初赛_a043a739-d16a-42c6-bd4f-ae72f9d77598.html,forensics-wp-corpus\text\didctf_external\023_2025数证杯初赛_a043a739-d16a-42c6-bd4f-ae72f9d77598.txt,200
didctf_external,2024数证杯决赛个人,https://www.cnblogs.com/WXjzc/p/18586809,forensics-wp-corpus\raw\didctf_external\024_2024数证杯决赛个人_9e13b870-cdf1-4ed1-8df6-00db7a07eb30.html,forensics-wp-corpus\text\didctf_external\024_2024数证杯决赛个人_9e13b870-cdf1-4ed1-8df6-00db7a07eb30.txt,200
didctf_external,DIDCTF 应急响应 流量+日志分析+数据恢复部分,https://www.cnblogs.com/ljnljn/p/19982779,forensics-wp-corpus\raw\didctf_external\025_DIDCTF_应急响应_流量+日志分析+数据恢复部分_980ae054-167e-4a78-b4e4-532c5805b122.html,forensics-wp-corpus\text\didctf_external\025_DIDCTF_应急响应_流量+日志分析+数据恢复部分_980ae054-167e-4a78-b4e4-532c5805b122.txt,200
didctf_external,2024数证杯决赛团体,https://www.cnblogs.com/WXjzc/p/18595176,forensics-wp-corpus\raw\didctf_external\026_2024数证杯决赛团体_967128a3-efb2-49f5-a011-778a0c84422c.html,forensics-wp-corpus\text\didctf_external\026_2024数证杯决赛团体_967128a3-efb2-49f5-a011-778a0c84422c.txt,200
didctf_external,第四届 盘古石杯电子取证竞赛 初赛 题解,https://forensics.xidian.edu.cn/writeups/PGS2026Preliminary/,forensics-wp-corpus\raw\didctf_external\027_第四届_盘古石杯电子取证竞赛_初赛_题解_900d1f60-eb53-4769-b3c3-767b7cc5cec8.html,forensics-wp-corpus\text\didctf_external\027_第四届_盘古石杯电子取证竞赛_初赛_题解_900d1f60-eb53-4769-b3c3-767b7cc5cec8.txt,200
didctf_external,2025平航杯,https://www.cnblogs.com/WXjzc/p/18840490,forensics-wp-corpus\raw\didctf_external\028_2025平航杯_8d44894a-6f1b-4f1d-9c22-f1f4c4e7ccc8.html,forensics-wp-corpus\text\didctf_external\028_2025平航杯_8d44894a-6f1b-4f1d-9c22-f1f4c4e7ccc8.txt,200
didctf_external,"以技证道 数海求真——第二届""獬豸杯""电子取证竞赛圆满落幕",https://mp.weixin.qq.com/s/8Qzanb-2bIV0rKtrHABJcw,forensics-wp-corpus\raw\didctf_external\029_以技证道_数海求真——第二届_獬豸杯_电子取证竞赛圆满落幕_8b56d8ed-eb56-4df5-9f18-a1eb0153d06d.html,forensics-wp-corpus\text\didctf_external\029_以技证道_数海求真——第二届_獬豸杯_电子取证竞赛圆满落幕_8b56d8ed-eb56-4df5-9f18-a1eb0153d06d.txt,200
didctf_external,2024FIC线上赛,https://www.cnblogs.com/WXjzc/p/18166538,forensics-wp-corpus\raw\didctf_external\030_2024FIC线上赛_847a17d1-2630-45c0-8262-f5dc90922ee2.html,forensics-wp-corpus\text\didctf_external\030_2024FIC线上赛_847a17d1-2630-45c0-8262-f5dc90922ee2.txt,200
didctf_external,2025盘古石晋级赛,https://mei-you-qian.github.io/2025/10/28/2025盘古石晋级赛/,forensics-wp-corpus\raw\didctf_external\031_2025盘古石晋级赛_838e31a8-ada2-45e9-906f-7bd9497b5cd6.html,forensics-wp-corpus\text\didctf_external\031_2025盘古石晋级赛_838e31a8-ada2-45e9-906f-7bd9497b5cd6.txt,200
didctf_external,2024数证杯初赛,https://www.cnblogs.com/WXjzc/p/18560734,forensics-wp-corpus\raw\didctf_external\032_2024数证杯初赛_7787ad50-1ea7-4c70-8f8a-3ade029c7567.html,forensics-wp-corpus\text\didctf_external\032_2024数证杯初赛_7787ad50-1ea7-4c70-8f8a-3ade029c7567.txt,200
didctf_external,2025第二届“数证杯”初赛完整题解,https://mp.weixin.qq.com/s/-MZFKRd9K8rRfvik5BELYQ,forensics-wp-corpus\raw\didctf_external\033_2025第二届“数证杯”初赛完整题解_705531b3-34f6-4691-91d8-b6d73673a522.html,forensics-wp-corpus\text\didctf_external\033_2025第二届“数证杯”初赛完整题解_705531b3-34f6-4691-91d8-b6d73673a522.txt,200
didctf_external,2023盘古石决赛,https://www.cnblogs.com/WXjzc/p/17487480.html,forensics-wp-corpus\raw\didctf_external\034_2023盘古石决赛_6e803cdb-2b37-4faf-ad4e-b7cf6d540275.html,forensics-wp-corpus\text\didctf_external\034_2023盘古石决赛_6e803cdb-2b37-4faf-ad4e-b7cf6d540275.txt,200
didctf_external,文件结构和数据分析专项,https://mei-you-qian.github.io/2025/12/17/%E6%96%87%E4%BB%B6%E7%BB%93%E6%9E%84%E5%92%8C%E6%95%B0%E6%8D%AE%E5%88%86%E6%9E%90%E4%B8%93%E9%A1%B9/,forensics-wp-corpus\raw\didctf_external\035_文件结构和数据分析专项_6c4d8e75-6265-401c-bb9b-33450edd2a75.html,forensics-wp-corpus\text\didctf_external\035_文件结构和数据分析专项_6c4d8e75-6265-401c-bb9b-33450edd2a75.txt,200
didctf_external,2025第三届“陇剑杯”网络安全大赛初赛-夺旗闯关赛wp,https://www.cnblogs.com/backlion/p/19089665,forensics-wp-corpus\raw\didctf_external\036_2025第三届“陇剑杯”网络安全大赛初赛-夺旗闯关赛wp_66222e7b-b818-4e42-9dda-09c2b5f1ea09.html,forensics-wp-corpus\text\didctf_external\036_2025第三届“陇剑杯”网络安全大赛初赛-夺旗闯关赛wp_66222e7b-b818-4e42-9dda-09c2b5f1ea09.txt,200
didctf_external,2025运维初赛,https://mei-you-qian.github.io/2025/12/16/2025%E8%BF%90%E7%BB%B4%E5%88%9D%E8%B5%9B/,forensics-wp-corpus\raw\didctf_external\037_2025运维初赛_64ded038-d810-4f67-94ad-bcbd967aadb6.html,forensics-wp-corpus\text\didctf_external\037_2025运维初赛_64ded038-d810-4f67-94ad-bcbd967aadb6.txt,200
didctf_external,2025数证杯初赛,https://www.cnblogs.com/WXjzc/p/19190900,forensics-wp-corpus\raw\didctf_external\038_2025数证杯初赛_4d0b385e-1b44-4e4c-acde-1250c7af0fe9.html,forensics-wp-corpus\text\didctf_external\038_2025数证杯初赛_4d0b385e-1b44-4e4c-acde-1250c7af0fe9.txt,200
didctf_external,第三届 龙信杯电子数据取证大赛 题解,https://forensics.xidian.edu.cn/writeups/Longxin2025/,forensics-wp-corpus\raw\didctf_external\039_第三届_龙信杯电子数据取证大赛_题解_4c963f8f-05ff-4497-b070-2690a9a63a07.html,forensics-wp-corpus\text\didctf_external\039_第三届_龙信杯电子数据取证大赛_题解_4c963f8f-05ff-4497-b070-2690a9a63a07.txt,200
didctf_external,第二届 盘古石杯电子取证竞赛 初赛 题解,https://forensics.xidian.edu.cn/writeups/PGS2024Preliminary/,forensics-wp-corpus\raw\didctf_external\040_第二届_盘古石杯电子取证竞赛_初赛_题解_3d05b85f-f0c8-4d2b-8867-85be9a9f4cc2.html,forensics-wp-corpus\text\didctf_external\040_第二届_盘古石杯电子取证竞赛_初赛_题解_3d05b85f-f0c8-4d2b-8867-85be9a9f4cc2.txt,200
didctf_external,首届 盘古石杯电子取证竞赛 初赛 题解,https://forensics.xidian.edu.cn/writeups/PGS2023Preliminary/,forensics-wp-corpus\raw\didctf_external\041_首届_盘古石杯电子取证竞赛_初赛_题解_31710d5b-b5e7-4bae-9f4f-49c920295918.html,forensics-wp-corpus\text\didctf_external\041_首届_盘古石杯电子取证竞赛_初赛_题解_31710d5b-b5e7-4bae-9f4f-49c920295918.txt,200
didctf_external,2025美亚杯-资格赛,https://mei-you-qian.github.io/2025/11/21/2025%E7%BE%8E%E4%BA%9A%E6%9D%AF-%E8%B5%84%E6%A0%BC%E8%B5%9B,forensics-wp-corpus\raw\didctf_external\042_2025美亚杯-资格赛_289093e4-8f31-4ade-84f1-5845abbf174e.html,forensics-wp-corpus\text\didctf_external\042_2025美亚杯-资格赛_289093e4-8f31-4ade-84f1-5845abbf174e.txt,200
didctf_external,20240204美亚春苗集训营基础班考核实操题参考wp,https://mp.weixin.qq.com/s/zEs5g6VvB9NenqSTgOwG2Q,forensics-wp-corpus\raw\didctf_external\043_20240204美亚春苗集训营基础班考核实操题参考wp_18c4b479-a5ad-4940-95b9-07eb06f582cc.html,forensics-wp-corpus\text\didctf_external\043_20240204美亚春苗集训营基础班考核实操题参考wp_18c4b479-a5ad-4940-95b9-07eb06f582cc.txt,200
didctf_external,2024FIC决赛,https://mei-you-qian.github.io/2026/01/22/2024FIC%E5%86%B3%E8%B5%9B/,forensics-wp-corpus\raw\didctf_external\044_2024FIC决赛_1720ae4d-f09f-4d09-94d4-c94ce235d8bf.html,forensics-wp-corpus\text\didctf_external\044_2024FIC决赛_1720ae4d-f09f-4d09-94d4-c94ce235d8bf.txt,200
didctf_external,第三届 平航杯电子数据取证竞赛 题解,https://forensics.xidian.edu.cn/writeups/Pinghang2026/,forensics-wp-corpus\raw\didctf_external\045_第三届_平航杯电子数据取证竞赛_题解_146db051-08ca-4037-8d60-c59844827f36.html,forensics-wp-corpus\text\didctf_external\045_第三届_平航杯电子数据取证竞赛_题解_146db051-08ca-4037-8d60-c59844827f36.txt,200
didctf_external,2025平航杯初赛,https://mei-you-qian.github.io/2025/10/29/2025平航杯初赛/,forensics-wp-corpus\raw\didctf_external\046_2025平航杯初赛_11454c70-3e9e-4a71-82ea-fe8eb191a39f.html,forensics-wp-corpus\text\didctf_external\046_2025平航杯初赛_11454c70-3e9e-4a71-82ea-fe8eb191a39f.txt,200
didctf_external,文件结构与数据分析专项-解析,https://www.cnblogs.com/WXjzc/p/19099940,forensics-wp-corpus\raw\didctf_external\047_文件结构与数据分析专项-解析_093531d7-abcb-4cb5-ac03-20a6bd498b29.html,forensics-wp-corpus\text\didctf_external\047_文件结构与数据分析专项-解析_093531d7-abcb-4cb5-ac03-20a6bd498b29.txt,200
didctf_external,第十一届 美亚杯中国电子数据取证大赛 团队赛 题解,https://forensics.xidian.edu.cn/writeups/MeiyaCup2025Group/,forensics-wp-corpus\raw\didctf_external\048_第十一届_美亚杯中国电子数据取证大赛_团队赛_题解_03d6634f-57c9-41e0-b0f0-4db7e24a639a.html,forensics-wp-corpus\text\didctf_external\048_第十一届_美亚杯中国电子数据取证大赛_团队赛_题解_03d6634f-57c9-41e0-b0f0-4db7e24a639a.txt,200
